-- phpMyAdmin SQL Dump
-- version 4.0.10.7
-- http://www.phpmyadmin.net
--
-- Host: localhost
-- Generation Time: Mar 30, 2015 at 10:54 AM
-- Server version: 5.5.42-cll
-- PHP Version: 5.4.23

SET SQL_MODE = "NO_AUTO_VALUE_ON_ZERO";
SET time_zone = "+00:00";


/*!40101 SET @OLD_CHARACTER_SET_CLIENT=@@CHARACTER_SET_CLIENT */;
/*!40101 SET @OLD_CHARACTER_SET_RESULTS=@@CHARACTER_SET_RESULTS */;
/*!40101 SET @OLD_COLLATION_CONNECTION=@@COLLATION_CONNECTION */;
/*!40101 SET NAMES utf8 */;

--
-- Database: `wwwmwonl_amway_mw_2015`
--

-- --------------------------------------------------------

--
-- Table structure for table `aw_ciudad`
--

CREATE TABLE IF NOT EXISTS `aw_ciudad` (
  `id_Ciudad` int(11) NOT NULL,
  `id_departamento` int(11) NOT NULL,
  `nombre` varchar(100) DEFAULT NULL,
  `menu` int(11) NOT NULL DEFAULT '0',
  `latitud` varchar(100) DEFAULT NULL,
  `longitud` varchar(100) DEFAULT NULL,
  PRIMARY KEY (`id_Ciudad`)
) ENGINE=InnoDB DEFAULT CHARSET=latin1;

--
-- Dumping data for table `aw_ciudad`
--

INSERT INTO `aw_ciudad` (`id_Ciudad`, `id_departamento`, `nombre`, `menu`, `latitud`, `longitud`) VALUES
(0, 1, 'VIRTUAL', 1, NULL, NULL),
(1, 5, 'MEDELLIN', 1, '6.2913889', '-75.5361111'),
(2, 5, 'ABEJORRAL', 0, NULL, NULL),
(3, 5, 'ABRIAQUI', 0, NULL, NULL),
(4, 5, 'ALEJANDRIA', 0, NULL, NULL),
(5, 5, 'AMAGA', 0, NULL, NULL),
(6, 5, 'AMALFI', 0, NULL, NULL),
(7, 5, 'ANDES', 0, NULL, NULL),
(8, 5, 'ANGELOPOLIS', 0, NULL, NULL),
(9, 5, 'ANGOSTURA', 0, NULL, NULL),
(10, 5, 'ANORI', 0, NULL, NULL),
(11, 5, 'SANTAFE DE ANTIOQUIA', 0, NULL, NULL),
(12, 5, 'ANZA', 0, NULL, NULL),
(13, 5, 'APARTADO', 0, NULL, NULL),
(14, 5, 'ARBOLETES', 0, NULL, NULL),
(15, 5, 'ARGELIA', 0, NULL, NULL),
(16, 5, 'ARMENIA', 1, '6.1666667', '-75.8333333'),
(17, 5, 'BARBOSA', 0, NULL, NULL),
(18, 5, 'BELMIRA', 0, NULL, NULL),
(19, 5, 'BELLO', 0, NULL, NULL),
(20, 5, 'BETANIA', 0, NULL, NULL),
(21, 5, 'BETULIA', 0, NULL, NULL),
(22, 5, 'CIUDAD BOLIVAR', 0, NULL, NULL),
(23, 5, 'BRICEÑO', 0, NULL, NULL),
(24, 5, 'BURITICA', 0, NULL, NULL),
(25, 5, 'CACERES', 0, NULL, NULL),
(26, 5, 'CAICEDO', 0, NULL, NULL),
(27, 5, 'CALDAS', 0, NULL, NULL),
(28, 5, 'CAMPAMENTO', 0, NULL, NULL),
(29, 5, 'CAÑASGORDAS', 0, NULL, NULL),
(30, 5, 'CARACOLI', 0, NULL, NULL),
(31, 5, 'CARAMANTA', 0, NULL, NULL),
(32, 5, 'CAREPA', 0, NULL, NULL),
(33, 5, 'EL CARMEN DE VIBORAL', 0, NULL, NULL),
(34, 5, 'CAROLINA', 0, NULL, NULL),
(35, 5, 'CAUCASIA', 0, NULL, NULL),
(36, 5, 'CHIGORODO', 0, NULL, NULL),
(37, 5, 'CISNEROS', 0, NULL, NULL),
(38, 5, 'COCORNA', 0, NULL, NULL),
(39, 5, 'CONCEPCION', 0, NULL, NULL),
(40, 5, 'CONCORDIA', 0, NULL, NULL),
(41, 5, 'COPACABANA', 0, NULL, NULL),
(42, 5, 'DABEIBA', 0, NULL, NULL),
(43, 5, 'DON MATIAS', 0, NULL, NULL),
(44, 5, 'EBEJICO', 0, NULL, NULL),
(45, 5, 'EL BAGRE', 0, NULL, NULL),
(46, 5, 'ENTRERRIOS', 0, NULL, NULL),
(47, 5, 'ENVIGADO', 1, '6.1730556', '-75.5638889'),
(48, 5, 'FREDONIA', 0, NULL, NULL),
(49, 5, 'FRONTINO', 0, NULL, NULL),
(50, 5, 'GIRALDO', 0, NULL, NULL),
(51, 5, 'GIRARDOTA', 0, NULL, NULL),
(52, 5, 'GOMEZ PLATA', 0, NULL, NULL),
(53, 5, 'GRANADA', 0, NULL, NULL),
(54, 5, 'GUADALUPE', 0, NULL, NULL),
(55, 5, 'GUARNE', 0, NULL, NULL),
(56, 5, 'GUATAPE', 0, NULL, NULL),
(57, 5, 'HELICONIA', 0, NULL, NULL),
(58, 5, 'HISPANIA', 0, NULL, NULL),
(59, 5, 'ITAGUI', 0, NULL, NULL),
(60, 5, 'ITUANGO', 0, NULL, NULL),
(61, 5, 'JARDIN', 0, NULL, NULL),
(62, 5, 'JERICO', 0, NULL, NULL),
(63, 5, 'LA CEJA', 0, NULL, NULL),
(64, 5, 'LA ESTRELLA', 0, NULL, NULL),
(65, 5, 'LA PINTADA', 0, NULL, NULL),
(66, 5, 'LA UNION', 0, NULL, NULL),
(67, 5, 'LIBORINA', 0, NULL, NULL),
(68, 5, 'MACEO', 0, NULL, NULL),
(69, 5, 'MARINILLA', 0, NULL, NULL),
(70, 5, 'MONTEBELLO', 0, NULL, NULL),
(71, 5, 'MURINDO', 0, NULL, NULL),
(72, 5, 'MUTATA', 0, NULL, NULL),
(73, 5, 'NARIÑO', 0, NULL, NULL),
(74, 5, 'NECOCLI', 0, NULL, NULL),
(75, 5, 'NECHI', 0, NULL, NULL),
(76, 5, 'OLAYA', 0, NULL, NULL),
(77, 5, 'PEÑOL', 0, NULL, NULL),
(78, 5, 'PEQUE', 0, NULL, NULL),
(79, 5, 'PUEBLORRICO', 0, NULL, NULL),
(80, 5, 'PUERTO BERRIO', 0, NULL, NULL),
(81, 5, 'PUERTO NARE', 0, NULL, NULL),
(82, 5, 'PUERTO TRIUNFO', 0, NULL, NULL),
(83, 5, 'REMEDIOS', 0, NULL, NULL),
(84, 5, 'RETIRO', 0, NULL, NULL),
(85, 5, 'RIONEGRO', 1, NULL, NULL),
(86, 5, 'SABANALARGA', 0, NULL, NULL),
(87, 5, 'SABANETA', 0, NULL, NULL),
(88, 5, 'SALGAR', 0, NULL, NULL),
(89, 5, 'SAN ANDRES DE CUERQUIA', 0, NULL, NULL),
(90, 5, 'SAN CARLOS', 0, NULL, NULL),
(91, 5, 'SAN FRANCISCO', 0, NULL, NULL),
(92, 5, 'SAN JERONIMO', 0, NULL, NULL),
(93, 5, 'SAN JOSE DE LA MONTAÑA', 0, NULL, NULL),
(94, 5, 'SAN JUAN DE URABA', 0, NULL, NULL),
(95, 5, 'SAN LUIS', 0, NULL, NULL),
(96, 5, 'SAN PEDRO', 0, NULL, NULL),
(97, 5, 'SAN PEDRO DE URABA', 0, NULL, NULL),
(98, 5, 'SAN RAFAEL', 0, NULL, NULL),
(99, 5, 'SAN ROQUE', 0, NULL, NULL),
(100, 5, 'SAN VICENTE', 0, NULL, NULL),
(101, 5, 'SANTA BARBARA', 0, NULL, NULL),
(102, 5, 'SANTA ROSA DE OSOS', 0, NULL, NULL),
(103, 5, 'SANTO DOMINGO', 0, NULL, NULL),
(104, 5, 'EL SANTUARIO', 0, NULL, NULL),
(105, 5, 'SEGOVIA', 0, NULL, NULL),
(106, 5, 'SONSON', 0, NULL, NULL),
(107, 5, 'SOPETRAN', 0, NULL, NULL),
(108, 5, 'TAMESIS', 0, NULL, NULL),
(109, 5, 'TARAZA', 0, NULL, NULL),
(110, 5, 'TARSO', 0, NULL, NULL),
(111, 5, 'TITIRIBI', 0, NULL, NULL),
(112, 5, 'TOLEDO', 0, NULL, NULL),
(113, 5, 'TURBO', 0, NULL, NULL),
(114, 5, 'URAMITA', 0, NULL, NULL),
(115, 5, 'URRAO', 0, NULL, NULL),
(116, 5, 'VALDIVIA', 0, NULL, NULL),
(117, 5, 'VALPARAISO', 0, NULL, NULL),
(118, 5, 'VEGACHI', 0, NULL, NULL),
(119, 5, 'VENECIA', 0, NULL, NULL),
(120, 5, 'VIGIA DEL FUERTE', 0, NULL, NULL),
(121, 5, 'YALI', 0, NULL, NULL),
(122, 5, 'YARUMAL', 0, NULL, NULL),
(123, 5, 'YOLOMBO', 0, NULL, NULL),
(124, 5, 'YONDO', 0, NULL, NULL),
(125, 5, 'ZARAGOZA', 0, NULL, NULL),
(126, 8, 'BARRANQUILLA', 1, '10.9638889', '-74.7963889'),
(127, 8, 'BARANOA', 0, NULL, NULL),
(128, 8, 'CAMPO DE LA CRUZ', 0, NULL, NULL),
(129, 8, 'CANDELARIA', 0, NULL, NULL),
(130, 8, 'GALAPA', 0, NULL, NULL),
(131, 8, 'JUAN DE ACOSTA', 0, NULL, NULL),
(132, 8, 'LURUACO', 0, NULL, NULL),
(133, 8, 'MALAMBO', 0, NULL, NULL),
(134, 8, 'MANATI', 0, NULL, NULL),
(135, 8, 'PALMAR DE VARELA', 0, NULL, NULL),
(136, 8, 'PIOJO', 0, NULL, NULL),
(137, 8, 'POLONUEVO', 0, NULL, NULL),
(138, 8, 'PONEDERA', 0, NULL, NULL),
(139, 8, 'PUERTO COLOMBIA', 0, NULL, NULL),
(140, 8, 'REPELON', 0, NULL, NULL),
(141, 8, 'SABANAGRANDE', 0, NULL, NULL),
(142, 8, 'SABANALARGA', 0, NULL, NULL),
(143, 8, 'SANTA LUCIA', 0, NULL, NULL),
(144, 8, 'SANTO TOMAS', 0, NULL, NULL),
(145, 8, 'SOLEDAD', 1, NULL, NULL),
(146, 8, 'SUAN', 0, NULL, NULL),
(147, 8, 'TUBARA', 0, NULL, NULL),
(148, 8, 'USIACURI', 0, NULL, NULL),
(149, 11, 'BOGOTA, D.C.', 1, '4.6', '-74.0833333'),
(150, 13, 'CARTAGENA', 1, '10.3997222', '-75.5144444'),
(151, 13, 'ACHI', 0, NULL, NULL),
(152, 13, 'ALTOS DEL ROSARIO', 0, NULL, NULL),
(153, 13, 'ARENAL', 0, NULL, NULL),
(154, 13, 'ARJONA', 0, NULL, NULL),
(155, 13, 'ARROYOHONDO', 0, NULL, NULL),
(156, 13, 'BARRANCO DE LOBA', 0, NULL, NULL),
(157, 13, 'CALAMAR', 0, NULL, NULL),
(158, 13, 'CANTAGALLO', 0, NULL, NULL),
(159, 13, 'CICUCO', 0, NULL, NULL),
(160, 13, 'CORDOBA', 0, NULL, NULL),
(161, 13, 'CLEMENCIA', 0, NULL, NULL),
(162, 13, 'EL CARMEN DE BOLIVAR', 0, NULL, NULL),
(163, 13, 'EL GUAMO', 0, NULL, NULL),
(164, 13, 'EL PEÑON', 0, NULL, NULL),
(165, 13, 'HATILLO DE LOBA', 0, NULL, NULL),
(166, 13, 'MAGANGUE', 0, NULL, NULL),
(167, 13, 'MAHATES', 0, NULL, NULL),
(168, 13, 'MARGARITA', 0, NULL, NULL),
(169, 13, 'MARIA LA BAJA', 0, NULL, NULL),
(170, 13, 'MONTECRISTO', 0, NULL, NULL),
(171, 13, 'MOMPOS', 0, NULL, NULL),
(172, 13, 'NOROSI', 0, NULL, NULL),
(173, 13, 'MORALES', 0, NULL, NULL),
(174, 13, 'PINILLOS', 0, NULL, NULL),
(175, 13, 'REGIDOR', 0, NULL, NULL),
(176, 13, 'RIO VIEJO', 0, NULL, NULL),
(177, 13, 'SAN CRISTOBAL', 0, NULL, NULL),
(178, 13, 'SAN ESTANISLAO', 0, NULL, NULL),
(179, 13, 'SAN FERNANDO', 0, NULL, NULL),
(180, 13, 'SAN JACINTO', 0, NULL, NULL),
(181, 13, 'SAN JACINTO DEL CAUCA', 0, NULL, NULL),
(182, 13, 'SAN JUAN NEPOMUCENO', 0, NULL, NULL),
(183, 13, 'SAN MARTIN DE LOBA', 0, NULL, NULL),
(184, 13, 'SAN PABLO', 0, NULL, NULL),
(185, 13, 'SANTA CATALINA', 0, NULL, NULL),
(186, 13, 'SANTA ROSA', 0, NULL, NULL),
(187, 13, 'SANTA ROSA DEL SUR', 0, NULL, NULL),
(188, 13, 'SIMITI', 0, NULL, NULL),
(189, 13, 'SOPLAVIENTO', 0, NULL, NULL),
(190, 13, 'TALAIGUA NUEVO', 0, NULL, NULL),
(191, 13, 'TIQUISIO', 0, NULL, NULL),
(192, 13, 'TURBACO', 0, NULL, NULL),
(193, 13, 'TURBANA', 0, NULL, NULL),
(194, 13, 'VILLANUEVA', 0, NULL, NULL),
(195, 13, 'ZAMBRANO', 0, NULL, NULL),
(196, 15, 'TUNJA', 1, '5.5352778', '-73.3677778'),
(197, 15, 'ALMEIDA', 0, NULL, NULL),
(198, 15, 'AQUITANIA', 0, NULL, NULL),
(199, 15, 'ARCABUCO', 0, NULL, NULL),
(200, 15, 'BELEN', 0, NULL, NULL),
(201, 15, 'BERBEO', 0, NULL, NULL),
(202, 15, 'BETEITIVA', 0, NULL, NULL),
(203, 15, 'BOAVITA', 0, NULL, NULL),
(204, 15, 'BOYACA', 0, NULL, NULL),
(205, 15, 'BRICEÑO', 0, NULL, NULL),
(206, 15, 'BUENAVISTA', 0, NULL, NULL),
(207, 15, 'BUSBANZA', 0, NULL, NULL),
(208, 15, 'CALDAS', 0, NULL, NULL),
(209, 15, 'CAMPOHERMOSO', 0, NULL, NULL),
(210, 15, 'CERINZA', 0, NULL, NULL),
(211, 15, 'CHINAVITA', 0, NULL, NULL),
(212, 15, 'CHIQUINQUIRA', 0, NULL, NULL),
(213, 15, 'CHISCAS', 0, NULL, NULL),
(214, 15, 'CHITA', 0, NULL, NULL),
(215, 15, 'CHITARAQUE', 0, NULL, NULL),
(216, 15, 'CHIVATA', 0, NULL, NULL),
(217, 15, 'CIENEGA', 0, NULL, NULL),
(218, 15, 'COMBITA', 0, NULL, NULL),
(219, 15, 'COPER', 0, NULL, NULL),
(220, 15, 'CORRALES', 0, NULL, NULL),
(221, 15, 'COVARACHIA', 0, NULL, NULL),
(222, 15, 'CUBARA', 0, NULL, NULL),
(223, 15, 'CUCAITA', 0, NULL, NULL),
(224, 15, 'CUITIVA', 0, NULL, NULL),
(225, 15, 'CHIQUIZA', 0, NULL, NULL),
(226, 15, 'CHIVOR', 0, NULL, NULL),
(227, 15, 'DUITAMA', 1, '5.8269444', '-73.0202778'),
(228, 15, 'EL COCUY', 0, NULL, NULL),
(229, 15, 'EL ESPINO', 0, NULL, NULL),
(230, 15, 'FIRAVITOBA', 0, NULL, NULL),
(231, 15, 'FLORESTA', 0, NULL, NULL),
(232, 15, 'GACHANTIVA', 0, NULL, NULL),
(233, 15, 'GAMEZA', 0, NULL, NULL),
(234, 15, 'GARAGOA', 0, NULL, NULL),
(235, 15, 'GUACAMAYAS', 0, NULL, NULL),
(236, 15, 'GUATEQUE', 0, NULL, NULL),
(237, 15, 'GUAYATA', 0, NULL, NULL),
(238, 15, 'GsICAN', 0, NULL, NULL),
(239, 15, 'IZA', 0, NULL, NULL),
(240, 15, 'JENESANO', 0, NULL, NULL),
(241, 15, 'JERICO', 0, NULL, NULL),
(242, 15, 'LABRANZAGRANDE', 0, NULL, NULL),
(243, 15, 'LA CAPILLA', 0, NULL, NULL),
(244, 15, 'LA VICTORIA', 0, NULL, NULL),
(245, 15, 'LA UVITA', 0, NULL, NULL),
(246, 15, 'VILLA DE LEYVA', 0, NULL, NULL),
(247, 15, 'MACANAL', 0, NULL, NULL),
(248, 15, 'MARIPI', 0, NULL, NULL),
(249, 15, 'MIRAFLORES', 0, NULL, NULL),
(250, 15, 'MONGUA', 0, NULL, NULL),
(251, 15, 'MONGUI', 0, NULL, NULL),
(252, 15, 'MONIQUIRA', 0, NULL, NULL),
(253, 15, 'MOTAVITA', 0, NULL, NULL),
(254, 15, 'MUZO', 0, NULL, NULL),
(255, 15, 'NOBSA', 0, NULL, NULL),
(256, 15, 'NUEVO COLON', 0, NULL, NULL),
(257, 15, 'OICATA', 0, NULL, NULL),
(258, 15, 'OTANCHE', 0, NULL, NULL),
(259, 15, 'PACHAVITA', 0, NULL, NULL),
(260, 15, 'PAEZ', 0, NULL, NULL),
(261, 15, 'PAIPA', 0, NULL, NULL),
(262, 15, 'PAJARITO', 0, NULL, NULL),
(263, 15, 'PANQUEBA', 0, NULL, NULL),
(264, 15, 'PAUNA', 0, NULL, NULL),
(265, 15, 'PAYA', 0, NULL, NULL),
(266, 15, 'PAZ DE RIO', 0, NULL, NULL),
(267, 15, 'PESCA', 0, NULL, NULL),
(268, 15, 'PISBA', 0, NULL, NULL),
(269, 15, 'PUERTO BOYACA', 0, NULL, NULL),
(270, 15, 'QUIPAMA', 0, NULL, NULL),
(271, 15, 'RAMIRIQUI', 0, NULL, NULL),
(272, 15, 'RAQUIRA', 0, NULL, NULL),
(273, 15, 'RONDON', 0, NULL, NULL),
(274, 15, 'SABOYA', 0, NULL, NULL),
(275, 15, 'SACHICA', 0, NULL, NULL),
(276, 15, 'SAMACA', 0, NULL, NULL),
(277, 15, 'SAN EDUARDO', 0, NULL, NULL),
(278, 15, 'SAN JOSE DE PARE', 0, NULL, NULL),
(279, 15, 'SAN LUIS DE GACENO', 0, NULL, NULL),
(280, 15, 'SAN MATEO', 0, NULL, NULL),
(281, 15, 'SAN MIGUEL DE SEMA', 0, NULL, NULL),
(282, 15, 'SAN PABLO DE BORBUR', 0, NULL, NULL),
(283, 15, 'SANTANA', 0, NULL, NULL),
(284, 15, 'SANTA MARIA', 0, NULL, NULL),
(285, 15, 'SANTA ROSA DE VITERBO', 0, NULL, NULL),
(286, 15, 'SANTA SOFIA', 0, NULL, NULL),
(287, 15, 'SATIVANORTE', 0, NULL, NULL),
(288, 15, 'SATIVASUR', 0, NULL, NULL),
(289, 15, 'SIACHOQUE', 0, NULL, NULL),
(290, 15, 'SOATA', 0, NULL, NULL),
(291, 15, 'SOCOTA', 0, NULL, NULL),
(292, 15, 'SOCHA', 0, NULL, NULL),
(293, 15, 'SOGAMOSO', 1, '5.7205556', '-72.9297222'),
(294, 15, 'SOMONDOCO', 0, NULL, NULL),
(295, 15, 'SORA', 0, NULL, NULL),
(296, 15, 'SOTAQUIRA', 0, NULL, NULL),
(297, 15, 'SORACA', 0, NULL, NULL),
(298, 15, 'SUSACON', 0, NULL, NULL),
(299, 15, 'SUTAMARCHAN', 0, NULL, NULL),
(300, 15, 'SUTATENZA', 0, NULL, NULL),
(301, 15, 'TASCO', 0, NULL, NULL),
(302, 15, 'TENZA', 0, NULL, NULL),
(303, 15, 'TIBANA', 0, NULL, NULL),
(304, 15, 'TIBASOSA', 0, NULL, NULL),
(305, 15, 'TINJACA', 0, NULL, NULL),
(306, 15, 'TIPACOQUE', 0, NULL, NULL),
(307, 15, 'TOCA', 0, NULL, NULL),
(308, 15, 'TOGsI', 0, NULL, NULL),
(309, 15, 'TOPAGA', 0, NULL, NULL),
(310, 15, 'TOTA', 0, NULL, NULL),
(311, 15, 'TUNUNGUA', 0, NULL, NULL),
(312, 15, 'TURMEQUE', 0, NULL, NULL),
(313, 15, 'TUTA', 0, NULL, NULL),
(314, 15, 'TUTAZA', 0, NULL, NULL),
(315, 15, 'UMBITA', 0, NULL, NULL),
(316, 15, 'VENTAQUEMADA', 0, NULL, NULL),
(317, 15, 'VIRACACHA', 0, NULL, NULL),
(318, 15, 'ZETAQUIRA', 0, NULL, NULL),
(319, 17, 'MANIZALES', 1, '5.07', '-75.5205556'),
(320, 17, 'AGUADAS', 0, NULL, NULL),
(321, 17, 'ANSERMA', 0, NULL, NULL),
(322, 17, 'ARANZAZU', 0, NULL, NULL),
(323, 17, 'BELALCAZAR', 0, NULL, NULL),
(324, 17, 'CHINCHINA', 0, NULL, NULL),
(325, 17, 'FILADELFIA', 0, NULL, NULL),
(326, 17, 'LA DORADA', 0, NULL, NULL),
(327, 17, 'LA MERCED', 0, NULL, NULL),
(328, 17, 'MANZANARES', 0, NULL, NULL),
(329, 17, 'MARMATO', 0, NULL, NULL),
(330, 17, 'MARQUETALIA', 0, NULL, NULL),
(331, 17, 'MARULANDA', 0, NULL, NULL),
(332, 17, 'NEIRA', 0, NULL, NULL),
(333, 17, 'NORCASIA', 0, NULL, NULL),
(334, 17, 'PACORA', 0, NULL, NULL),
(335, 17, 'PALESTINA', 0, NULL, NULL),
(336, 17, 'PENSILVANIA', 0, NULL, NULL),
(337, 17, 'RIOSUCIO', 0, NULL, NULL),
(338, 17, 'RISARALDA', 0, NULL, NULL),
(339, 17, 'SALAMINA', 0, NULL, NULL),
(340, 17, 'SAMANA', 0, NULL, NULL),
(341, 17, 'SAN JOSE', 0, NULL, NULL),
(342, 17, 'SUPIA', 0, NULL, NULL),
(343, 17, 'VICTORIA', 0, NULL, NULL),
(344, 17, 'VILLAMARIA', 0, NULL, NULL),
(345, 17, 'VITERBO', 0, NULL, NULL),
(346, 18, 'FLORENCIA', 0, NULL, NULL),
(347, 18, 'ALBANIA', 0, NULL, NULL),
(348, 18, 'BELEN DE LOS ANDAQUIES', 0, NULL, NULL),
(349, 18, 'CARTAGENA DEL CHAIRA', 0, NULL, NULL),
(350, 18, 'CURILLO', 0, NULL, NULL),
(351, 18, 'EL DONCELLO', 0, NULL, NULL),
(352, 18, 'EL PAUJIL', 0, NULL, NULL),
(353, 18, 'LA MONTAÑITA', 0, NULL, NULL),
(354, 18, 'MILAN', 0, NULL, NULL),
(355, 18, 'MORELIA', 0, NULL, NULL),
(356, 18, 'PUERTO RICO', 0, NULL, NULL),
(357, 18, 'SAN JOSE DEL FRAGUA', 0, NULL, NULL),
(358, 18, 'SAN VICENTE DEL CAGUAN', 0, NULL, NULL),
(359, 18, 'SOLANO', 0, NULL, NULL),
(360, 18, 'SOLITA', 0, NULL, NULL),
(361, 18, 'VALPARAISO', 0, NULL, NULL),
(362, 19, 'POPAYAN', 1, '3.2775', '-75.6213889'),
(363, 19, 'ALMAGUER', 0, NULL, NULL),
(364, 19, 'ARGELIA', 0, NULL, NULL),
(365, 19, 'BALBOA', 0, NULL, NULL),
(366, 19, 'BOLIVAR', 0, NULL, NULL),
(367, 19, 'BUENOS AIRES', 0, NULL, NULL),
(368, 19, 'CAJIBIO', 0, NULL, NULL),
(369, 19, 'CALDONO', 0, NULL, NULL),
(370, 19, 'CALOTO', 0, NULL, NULL),
(371, 19, 'CORINTO', 0, NULL, NULL),
(372, 19, 'EL TAMBO', 0, NULL, NULL),
(373, 19, 'FLORENCIA', 0, NULL, NULL),
(374, 19, 'GUACHENE', 0, NULL, NULL),
(375, 19, 'GUAPI', 0, NULL, NULL),
(376, 19, 'INZA', 0, NULL, NULL),
(377, 19, 'JAMBALO', 0, NULL, NULL),
(378, 19, 'LA SIERRA', 0, NULL, NULL),
(379, 19, 'LA VEGA', 0, NULL, NULL),
(380, 19, 'LOPEZ', 0, NULL, NULL),
(381, 19, 'MERCADERES', 0, NULL, NULL),
(382, 19, 'MIRANDA', 0, NULL, NULL),
(383, 19, 'MORALES', 0, NULL, NULL),
(384, 19, 'PADILLA', 0, NULL, NULL),
(385, 19, 'PAEZ', 0, NULL, NULL),
(386, 19, 'PATIA', 0, NULL, NULL),
(387, 19, 'PIAMONTE', 0, NULL, NULL),
(388, 19, 'PIENDAMO', 0, NULL, NULL),
(389, 19, 'PUERTO TEJADA', 0, NULL, NULL),
(390, 19, 'PURACE', 0, NULL, NULL),
(391, 19, 'ROSAS', 0, NULL, NULL),
(392, 19, 'SAN SEBASTIAN', 0, NULL, NULL),
(393, 19, 'SANTANDER DE QUILICHAO', 0, NULL, NULL),
(394, 19, 'SANTA ROSA', 0, NULL, NULL),
(395, 19, 'SILVIA', 0, NULL, NULL),
(396, 19, 'SOTARA', 0, NULL, NULL),
(397, 19, 'SUAREZ', 0, NULL, NULL),
(398, 19, 'SUCRE', 0, NULL, NULL),
(399, 19, 'TIMBIO', 0, NULL, NULL),
(400, 19, 'TIMBIQUI', 0, NULL, NULL),
(401, 19, 'TORIBIO', 0, NULL, NULL),
(402, 19, 'TOTORO', 0, NULL, NULL),
(403, 19, 'VILLA RICA', 0, NULL, NULL),
(404, 20, 'VALLEDUPAR', 1, '10.4769444', '-73.2505556'),
(405, 20, 'AGUACHICA', 1, '8.3333333', '-73.5833333'),
(406, 20, 'AGUSTIN CODAZZI', 0, NULL, NULL),
(407, 20, 'ASTREA', 0, NULL, NULL),
(408, 20, 'BECERRIL', 0, NULL, NULL),
(409, 20, 'BOSCONIA', 0, NULL, NULL),
(410, 20, 'CHIMICHAGUA', 0, NULL, NULL),
(411, 20, 'CHIRIGUANA', 0, NULL, NULL),
(412, 20, 'CURUMANI', 0, NULL, NULL),
(413, 20, 'EL COPEY', 0, NULL, NULL),
(414, 20, 'EL PASO', 0, NULL, NULL),
(415, 20, 'GAMARRA', 0, NULL, NULL),
(416, 20, 'GONZALEZ', 0, NULL, NULL),
(417, 20, 'LA GLORIA', 0, NULL, NULL),
(418, 20, 'LA JAGUA DE IBIRICO', 0, NULL, NULL),
(419, 20, 'MANAURE', 0, NULL, NULL),
(420, 20, 'PAILITAS', 0, NULL, NULL),
(421, 20, 'PELAYA', 0, NULL, NULL),
(422, 20, 'PUEBLO BELLO', 0, NULL, NULL),
(423, 20, 'RIO DE ORO', 0, NULL, NULL),
(424, 20, 'LA PAZ', 0, NULL, NULL),
(425, 20, 'SAN ALBERTO', 0, NULL, NULL),
(426, 20, 'SAN DIEGO', 0, NULL, NULL),
(427, 20, 'SAN MARTIN', 0, NULL, NULL),
(428, 20, 'TAMALAMEQUE', 0, NULL, NULL),
(429, 23, 'MONTERIA', 1, '8.7575', '-75.89'),
(430, 23, 'AYAPEL', 0, NULL, NULL),
(431, 23, 'BUENAVISTA', 0, NULL, NULL),
(432, 23, 'CANALETE', 0, NULL, NULL),
(433, 23, 'CERETE', 0, NULL, NULL),
(434, 23, 'CHIMA', 0, NULL, NULL),
(435, 23, 'CHINU', 0, NULL, NULL),
(436, 23, 'CIENAGA DE ORO', 0, NULL, NULL),
(437, 23, 'COTORRA', 0, NULL, NULL),
(438, 23, 'LA APARTADA', 0, NULL, NULL),
(439, 23, 'LORICA', 0, NULL, NULL),
(440, 23, 'LOS CORDOBAS', 0, NULL, NULL),
(441, 23, 'MOMIL', 0, NULL, NULL),
(442, 23, 'MONTELIBANO', 0, NULL, NULL),
(443, 23, 'MOÑITOS', 0, NULL, NULL),
(444, 23, 'PLANETA RICA', 0, NULL, NULL),
(445, 23, 'PUEBLO NUEVO', 0, NULL, NULL),
(446, 23, 'PUERTO ESCONDIDO', 0, NULL, NULL),
(447, 23, 'PUERTO LIBERTADOR', 0, NULL, NULL),
(448, 23, 'PURISIMA', 0, NULL, NULL),
(449, 23, 'SAHAGUN', 0, NULL, NULL),
(450, 23, 'SAN ANDRES SOTAVENTO', 0, NULL, NULL),
(451, 23, 'SAN ANTERO', 0, NULL, NULL),
(452, 23, 'SAN BERNARDO DEL VIENTO', 0, NULL, NULL),
(453, 23, 'SAN CARLOS', 0, NULL, NULL),
(454, 23, 'SAN PELAYO', 0, NULL, NULL),
(455, 23, 'TIERRALTA', 0, NULL, NULL),
(456, 23, 'VALENCIA', 0, NULL, NULL),
(457, 25, 'AGUA DE DIOS', 0, NULL, NULL),
(458, 25, 'ALBAN', 0, NULL, NULL),
(459, 25, 'ANAPOIMA', 0, NULL, NULL),
(460, 25, 'ANOLAIMA', 0, NULL, NULL),
(461, 25, 'ARBELAEZ', 0, NULL, NULL),
(462, 25, 'BELTRAN', 0, NULL, NULL),
(463, 25, 'BITUIMA', 0, NULL, NULL),
(464, 25, 'BOJACA', 0, NULL, NULL),
(465, 25, 'CABRERA', 0, NULL, NULL),
(466, 25, 'CACHIPAY', 0, NULL, NULL),
(467, 25, 'CAJICA', 0, NULL, NULL),
(468, 25, 'CAPARRAPI', 0, NULL, NULL),
(469, 25, 'CAQUEZA', 0, NULL, NULL),
(470, 25, 'CARMEN DE CARUPA', 0, NULL, NULL),
(471, 25, 'CHAGUANI', 0, NULL, NULL),
(472, 25, 'CHIA', 1, '4.880740', '-74.042638'),
(473, 25, 'CHIPAQUE', 0, NULL, NULL),
(474, 25, 'CHOACHI', 0, NULL, NULL),
(475, 25, 'CHOCONTA', 0, NULL, NULL),
(476, 25, 'COGUA', 0, NULL, NULL),
(477, 25, 'COTA', 0, NULL, NULL),
(478, 25, 'CUCUNUBA', 0, NULL, NULL),
(479, 25, 'EL COLEGIO', 0, NULL, NULL),
(480, 25, 'EL PEÑON', 0, NULL, NULL),
(481, 25, 'EL ROSAL', 0, NULL, NULL),
(482, 25, 'FACATATIVA', 0, NULL, NULL),
(483, 25, 'FOMEQUE', 0, NULL, NULL),
(484, 25, 'FOSCA', 0, NULL, NULL),
(485, 25, 'FUNZA', 0, NULL, NULL),
(486, 25, 'FUQUENE', 0, NULL, NULL),
(487, 25, 'FUSAGASUGA', 0, NULL, NULL),
(488, 25, 'GACHALA', 0, NULL, NULL),
(489, 25, 'GACHANCIPA', 0, NULL, NULL),
(490, 25, 'GACHETA', 0, NULL, NULL),
(491, 25, 'GAMA', 0, NULL, NULL),
(492, 25, 'GIRARDOT', 1, '4.3030556', '-74.8008333'),
(493, 25, 'GRANADA', 0, NULL, NULL),
(494, 25, 'GUACHETA', 0, NULL, NULL),
(495, 25, 'GUADUAS', 0, NULL, NULL),
(496, 25, 'GUASCA', 0, NULL, NULL),
(497, 25, 'GUATAQUI', 0, NULL, NULL),
(498, 25, 'GUATAVITA', 0, NULL, NULL),
(499, 25, 'GUAYABAL DE SIQUIMA', 0, NULL, NULL),
(500, 25, 'GUAYABETAL', 0, NULL, NULL),
(501, 25, 'GUTIERREZ', 0, NULL, NULL),
(502, 25, 'JERUSALEN', 0, NULL, NULL),
(503, 25, 'JUNIN', 0, NULL, NULL),
(504, 25, 'LA CALERA', 0, NULL, NULL),
(505, 25, 'LA MESA', 0, NULL, NULL),
(506, 25, 'LA PALMA', 0, NULL, NULL),
(507, 25, 'LA PEÑA', 0, NULL, NULL),
(508, 25, 'LA VEGA', 0, NULL, NULL),
(509, 25, 'LENGUAZAQUE', 0, NULL, NULL),
(510, 25, 'MACHETA', 0, NULL, NULL),
(511, 25, 'MADRID', 0, NULL, NULL),
(512, 25, 'MANTA', 0, NULL, NULL),
(513, 25, 'MEDINA', 0, NULL, NULL),
(514, 25, 'MOSQUERA', 1, '4.707778', '-74.232778'),
(515, 25, 'NARIÑO', 0, NULL, NULL),
(516, 25, 'NEMOCON', 0, NULL, NULL),
(517, 25, 'NILO', 0, NULL, NULL),
(518, 25, 'NIMAIMA', 0, NULL, NULL),
(519, 25, 'NOCAIMA', 0, NULL, NULL),
(520, 25, 'VENECIA', 0, NULL, NULL),
(521, 25, 'PACHO', 0, NULL, NULL),
(522, 25, 'PAIME', 0, NULL, NULL),
(523, 25, 'PANDI', 0, NULL, NULL),
(524, 25, 'PARATEBUENO', 0, NULL, NULL),
(525, 25, 'PASCA', 0, NULL, NULL),
(526, 25, 'PUERTO SALGAR', 0, NULL, NULL),
(527, 25, 'PULI', 0, NULL, NULL),
(528, 25, 'QUEBRADANEGRA', 0, NULL, NULL),
(529, 25, 'QUETAME', 0, NULL, NULL),
(530, 25, 'QUIPILE', 0, NULL, NULL),
(531, 25, 'APULO', 0, NULL, NULL),
(532, 25, 'RICAURTE', 0, NULL, NULL),
(533, 25, 'SAN ANTONIO DEL TEQUENDAMA', 0, NULL, NULL),
(534, 25, 'SAN BERNARDO', 0, NULL, NULL),
(535, 25, 'SAN CAYETANO', 0, NULL, NULL),
(536, 25, 'SAN FRANCISCO', 0, NULL, NULL),
(537, 25, 'SAN JUAN DE RIO SECO', 0, NULL, NULL),
(538, 25, 'SASAIMA', 0, NULL, NULL),
(539, 25, 'SESQUILE', 0, NULL, NULL),
(540, 25, 'SIBATE', 0, NULL, NULL),
(541, 25, 'SILVANIA', 0, NULL, NULL),
(542, 25, 'SIMIJACA', 0, NULL, NULL),
(543, 25, 'SOACHA', 0, NULL, NULL),
(544, 25, 'SOPO', 0, NULL, NULL),
(545, 25, 'SUBACHOQUE', 0, NULL, NULL),
(546, 25, 'SUESCA', 0, NULL, NULL),
(547, 25, 'SUPATA', 0, NULL, NULL),
(548, 25, 'SUSA', 0, NULL, NULL),
(549, 25, 'SUTATAUSA', 0, NULL, NULL),
(550, 25, 'TABIO', 0, NULL, NULL),
(551, 25, 'TAUSA', 0, NULL, NULL),
(552, 25, 'TENA', 0, NULL, NULL),
(553, 25, 'TENJO', 0, NULL, NULL),
(554, 25, 'TIBACUY', 0, NULL, NULL),
(555, 25, 'TIBIRITA', 0, NULL, NULL),
(556, 25, 'TOCAIMA', 0, NULL, NULL),
(557, 25, 'TOCANCIPA', 0, NULL, NULL),
(558, 25, 'TOPAIPI', 0, NULL, NULL),
(559, 25, 'UBALA', 0, NULL, NULL),
(560, 25, 'UBAQUE', 0, NULL, NULL),
(561, 25, 'VILLA DE SAN DIEGO DE UBATE', 0, NULL, NULL),
(562, 25, 'UNE', 0, NULL, NULL),
(563, 25, 'UTICA', 0, NULL, NULL),
(564, 25, 'VERGARA', 0, NULL, NULL),
(565, 25, 'VIANI', 0, NULL, NULL),
(566, 25, 'VILLAGOMEZ', 0, NULL, NULL),
(567, 25, 'VILLAPINZON', 0, NULL, NULL),
(568, 25, 'VILLETA', 1, NULL, NULL),
(569, 25, 'VIOTA', 0, NULL, NULL),
(570, 25, 'YACOPI', 0, NULL, NULL),
(571, 25, 'ZIPACON', 0, NULL, NULL),
(572, 25, 'ZIPAQUIRA', 1, '5.0273519', '-74.009689'),
(573, 27, 'QUIBDO', 0, NULL, NULL),
(574, 27, 'ACANDI', 0, NULL, NULL),
(575, 27, 'ALTO BAUDO', 0, NULL, NULL),
(576, 27, 'ATRATO', 0, NULL, NULL),
(577, 27, 'BAGADO', 0, NULL, NULL),
(578, 27, 'BAHIA SOLANO', 0, NULL, NULL),
(579, 27, 'BAJO BAUDO', 0, NULL, NULL),
(580, 27, 'BOJAYA', 0, NULL, NULL),
(581, 27, 'EL CANTON DEL SAN PABLO', 0, NULL, NULL),
(582, 27, 'CARMEN DEL DARIEN', 0, NULL, NULL),
(583, 27, 'CERTEGUI', 0, NULL, NULL),
(584, 27, 'CONDOTO', 0, NULL, NULL),
(585, 27, 'EL CARMEN DE ATRATO', 0, NULL, NULL),
(586, 27, 'EL LITORAL DEL SAN JUAN', 0, NULL, NULL),
(587, 27, 'ISTMINA', 0, NULL, NULL),
(588, 27, 'JURADO', 0, NULL, NULL),
(589, 27, 'LLORO', 0, NULL, NULL),
(590, 27, 'MEDIO ATRATO', 0, NULL, NULL),
(591, 27, 'MEDIO BAUDO', 0, NULL, NULL),
(592, 27, 'MEDIO SAN JUAN', 0, NULL, NULL),
(593, 27, 'NOVITA', 0, NULL, NULL),
(594, 27, 'NUQUI', 0, NULL, NULL),
(595, 27, 'RIO IRO', 0, NULL, NULL),
(596, 27, 'RIO QUITO', 0, NULL, NULL),
(597, 27, 'RIOSUCIO', 0, NULL, NULL),
(598, 27, 'SAN JOSE DEL PALMAR', 0, NULL, NULL),
(599, 27, 'SIPI', 0, NULL, NULL),
(600, 27, 'TADO', 0, NULL, NULL),
(601, 27, 'UNGUIA', 0, NULL, NULL),
(602, 27, 'UNION PANAMERICANA', 0, NULL, NULL),
(603, 41, 'NEIVA', 1, '2.9305556', '-75.3302778'),
(604, 41, 'ACEVEDO', 0, NULL, NULL),
(605, 41, 'AGRADO', 0, NULL, NULL),
(606, 41, 'AIPE', 0, NULL, NULL),
(607, 41, 'ALGECIRAS', 0, NULL, NULL),
(608, 41, 'ALTAMIRA', 0, NULL, NULL),
(609, 41, 'BARAYA', 0, NULL, NULL),
(610, 41, 'CAMPOALEGRE', 0, NULL, NULL),
(611, 41, 'COLOMBIA', 0, NULL, NULL),
(612, 41, 'ELIAS', 0, NULL, NULL),
(613, 41, 'GARZON', 0, NULL, NULL),
(614, 41, 'GIGANTE', 0, NULL, NULL),
(615, 41, 'GUADALUPE', 0, NULL, NULL),
(616, 41, 'HOBO', 0, NULL, NULL),
(617, 41, 'IQUIRA', 0, NULL, NULL),
(618, 41, 'ISNOS', 0, NULL, NULL),
(619, 41, 'LA ARGENTINA', 0, NULL, NULL),
(620, 41, 'LA PLATA', 0, NULL, NULL),
(621, 41, 'NATAGA', 0, NULL, NULL),
(622, 41, 'OPORAPA', 0, NULL, NULL),
(623, 41, 'PAICOL', 0, NULL, NULL),
(624, 41, 'PALERMO', 0, NULL, NULL),
(625, 41, 'PALESTINA', 0, NULL, NULL),
(626, 41, 'PITAL', 0, NULL, NULL),
(627, 41, 'PITALITO', 0, NULL, NULL),
(628, 41, 'RIVERA', 0, NULL, NULL),
(629, 41, 'SALADOBLANCO', 0, NULL, NULL),
(630, 41, 'SAN AGUSTIN', 0, NULL, NULL),
(631, 41, 'SANTA MARIA', 0, NULL, NULL),
(632, 41, 'SUAZA', 0, NULL, NULL),
(633, 41, 'TARQUI', 0, NULL, NULL),
(634, 41, 'TESALIA', 0, NULL, NULL),
(635, 41, 'TELLO', 0, NULL, NULL),
(636, 41, 'TERUEL', 0, NULL, NULL),
(637, 41, 'TIMANA', 0, NULL, NULL),
(638, 41, 'VILLAVIEJA', 0, NULL, NULL),
(639, 41, 'YAGUARA', 0, NULL, NULL),
(640, 44, 'RIOHACHA', 0, NULL, NULL),
(641, 44, 'ALBANIA', 0, NULL, NULL),
(642, 44, 'BARRANCAS', 0, NULL, NULL),
(643, 44, 'DIBULLA', 0, NULL, NULL),
(644, 44, 'DISTRACCION', 0, NULL, NULL),
(645, 44, 'EL MOLINO', 0, NULL, NULL),
(646, 44, 'FONSECA', 0, NULL, NULL),
(647, 44, 'HATONUEVO', 0, NULL, NULL),
(648, 44, 'LA JAGUA DEL PILAR', 0, NULL, NULL),
(649, 44, 'MAICAO', 0, NULL, NULL),
(650, 44, 'MANAURE', 0, NULL, NULL),
(651, 44, 'SAN JUAN DEL CESAR', 0, NULL, NULL),
(652, 44, 'URIBIA', 0, NULL, NULL),
(653, 44, 'URUMITA', 0, NULL, NULL),
(654, 44, 'VILLANUEVA', 0, NULL, NULL),
(655, 47, 'SANTA MARTA', 1, '11.2472222', '-74.2016667'),
(656, 47, 'ALGARROBO', 0, NULL, NULL),
(657, 47, 'ARACATACA', 0, NULL, NULL),
(658, 47, 'ARIGUANI', 0, NULL, NULL),
(659, 47, 'CERRO SAN ANTONIO', 0, NULL, NULL),
(660, 47, 'CHIBOLO', 0, NULL, NULL),
(661, 47, 'CIENAGA', 0, NULL, NULL),
(662, 47, 'CONCORDIA', 0, NULL, NULL),
(663, 47, 'EL BANCO', 0, NULL, NULL),
(664, 47, 'EL PIÑON', 0, NULL, NULL),
(665, 47, 'EL RETEN', 0, NULL, NULL),
(666, 47, 'FUNDACION', 0, NULL, NULL),
(667, 47, 'GUAMAL', 0, NULL, NULL),
(668, 47, 'NUEVA GRANADA', 0, NULL, NULL),
(669, 47, 'PEDRAZA', 0, NULL, NULL),
(670, 47, 'PIJIÑO DEL CARMEN', 0, NULL, NULL),
(671, 47, 'PIVIJAY', 0, NULL, NULL),
(672, 47, 'PLATO', 0, NULL, NULL),
(673, 47, 'PUEBLOVIEJO', 0, NULL, NULL),
(674, 47, 'REMOLINO', 0, NULL, NULL),
(675, 47, 'SABANAS DE SAN ANGEL', 0, NULL, NULL),
(676, 47, 'SALAMINA', 0, NULL, NULL),
(677, 47, 'SAN SEBASTIAN DE BUENAVISTA', 0, NULL, NULL),
(678, 47, 'SAN ZENON', 0, NULL, NULL),
(679, 47, 'SANTA ANA', 0, NULL, NULL),
(680, 47, 'SANTA BARBARA DE PINTO', 0, NULL, NULL),
(681, 47, 'SITIONUEVO', 0, NULL, NULL),
(682, 47, 'TENERIFE', 0, NULL, NULL),
(683, 47, 'ZAPAYAN', 0, NULL, NULL),
(684, 47, 'ZONA BANANERA', 0, NULL, NULL),
(685, 50, 'VILLAVICENCIO', 1, '4.1533333', '-73.635'),
(686, 50, 'ACACIAS', 0, NULL, NULL),
(687, 50, 'BARRANCA DE UPIA', 0, NULL, NULL),
(688, 50, 'CABUYARO', 0, NULL, NULL),
(689, 50, 'CASTILLA LA NUEVA', 0, NULL, NULL),
(690, 50, 'CUBARRAL', 0, NULL, NULL),
(691, 50, 'CUMARAL', 0, NULL, NULL),
(692, 50, 'EL CALVARIO', 0, NULL, NULL),
(693, 50, 'EL CASTILLO', 0, NULL, NULL),
(694, 50, 'EL DORADO', 0, NULL, NULL),
(695, 50, 'FUENTE DE ORO', 0, NULL, NULL),
(696, 50, 'GRANADA', 0, NULL, NULL),
(697, 50, 'GUAMAL', 0, NULL, NULL),
(698, 50, 'MAPIRIPAN', 0, NULL, NULL),
(699, 50, 'MESETAS', 0, NULL, NULL),
(700, 50, 'LA MACARENA', 0, NULL, NULL),
(701, 50, 'URIBE', 0, NULL, NULL),
(702, 50, 'LEJANIAS', 0, NULL, NULL),
(703, 50, 'PUERTO CONCORDIA', 0, NULL, NULL),
(704, 50, 'PUERTO GAITAN', 0, NULL, NULL),
(705, 50, 'PUERTO LOPEZ', 0, NULL, NULL),
(706, 50, 'PUERTO LLERAS', 0, NULL, NULL),
(707, 50, 'PUERTO RICO', 0, NULL, NULL),
(708, 50, 'RESTREPO', 0, NULL, NULL),
(709, 50, 'SAN CARLOS DE GUAROA', 0, NULL, NULL),
(710, 50, 'SAN JUAN DE ARAMA', 0, NULL, NULL),
(711, 50, 'SAN JUANITO', 0, NULL, NULL),
(712, 50, 'SAN MARTIN', 0, NULL, NULL),
(713, 50, 'VISTAHERMOSA', 0, NULL, NULL),
(714, 52, 'PASTO', 1, '1.21467073681653', '-77.2786474227905'),
(715, 52, 'ALBAN', 0, NULL, NULL),
(716, 52, 'ALDANA', 0, NULL, NULL),
(717, 52, 'ANCUYA', 0, NULL, NULL),
(718, 52, 'ARBOLEDA', 0, NULL, NULL),
(719, 52, 'BARBACOAS', 0, NULL, NULL),
(720, 52, 'BELEN', 0, NULL, NULL),
(721, 52, 'BUESACO', 0, NULL, NULL),
(722, 52, 'COLON', 0, NULL, NULL),
(723, 52, 'CONSACA', 0, NULL, NULL),
(724, 52, 'CONTADERO', 0, NULL, NULL),
(725, 52, 'CORDOBA', 0, NULL, NULL),
(726, 52, 'CUASPUD', 0, NULL, NULL),
(727, 52, 'CUMBAL', 0, NULL, NULL),
(728, 52, 'CUMBITARA', 0, NULL, NULL),
(729, 52, 'CHACHAGsI', 0, NULL, NULL),
(730, 52, 'EL CHARCO', 0, NULL, NULL),
(731, 52, 'EL PEÑOL', 0, NULL, NULL),
(732, 52, 'EL ROSARIO', 0, NULL, NULL),
(733, 52, 'EL TABLON DE GOMEZ', 0, NULL, NULL),
(734, 52, 'EL TAMBO', 0, NULL, NULL),
(735, 52, 'FUNES', 0, NULL, NULL),
(736, 52, 'GUACHUCAL', 0, NULL, NULL),
(737, 52, 'GUAITARILLA', 0, NULL, NULL),
(738, 52, 'GUALMATAN', 0, NULL, NULL),
(739, 52, 'ILES', 0, NULL, NULL),
(740, 52, 'IMUES', 0, NULL, NULL),
(741, 52, 'IPIALES', 0, NULL, NULL),
(742, 52, 'LA CRUZ', 0, NULL, NULL),
(743, 52, 'LA FLORIDA', 0, NULL, NULL),
(744, 52, 'LA LLANADA', 0, NULL, NULL),
(745, 52, 'LA TOLA', 0, NULL, NULL),
(746, 52, 'LA UNION', 0, NULL, NULL),
(747, 52, 'LEIVA', 0, NULL, NULL),
(748, 52, 'LINARES', 0, NULL, NULL),
(749, 52, 'LOS ANDES', 0, NULL, NULL),
(750, 52, 'MAGsI', 0, NULL, NULL),
(751, 52, 'MALLAMA', 0, NULL, NULL),
(752, 52, 'MOSQUERA', 0, NULL, NULL),
(753, 52, 'NARIÑO', 0, NULL, NULL),
(754, 52, 'OLAYA HERRERA', 0, NULL, NULL),
(755, 52, 'OSPINA', 0, NULL, NULL),
(756, 52, 'FRANCISCO PIZARRO', 0, NULL, NULL),
(757, 52, 'POLICARPA', 0, NULL, NULL),
(758, 52, 'POTOSI', 0, NULL, NULL),
(759, 52, 'PROVIDENCIA', 0, NULL, NULL),
(760, 52, 'PUERRES', 0, NULL, NULL),
(761, 52, 'PUPIALES', 0, NULL, NULL),
(762, 52, 'RICAURTE', 0, NULL, NULL),
(763, 52, 'ROBERTO PAYAN', 0, NULL, NULL),
(764, 52, 'SAMANIEGO', 0, NULL, NULL),
(765, 52, 'SANDONA', 0, NULL, NULL),
(766, 52, 'SAN BERNARDO', 0, NULL, NULL),
(767, 52, 'SAN LORENZO', 0, NULL, NULL),
(768, 52, 'SAN PABLO', 0, NULL, NULL),
(769, 52, 'SAN PEDRO DE CARTAGO', 0, NULL, NULL),
(770, 52, 'SANTA BARBARA', 0, NULL, NULL),
(771, 52, 'SANTACRUZ', 0, NULL, NULL),
(772, 52, 'SAPUYES', 0, NULL, NULL),
(773, 52, 'TAMINANGO', 0, NULL, NULL),
(774, 52, 'TANGUA', 0, NULL, NULL),
(775, 52, 'SAN ANDRES DE TUMACO', 0, NULL, NULL),
(776, 52, 'TUQUERRES', 0, NULL, NULL),
(777, 52, 'YACUANQUER', 0, NULL, NULL),
(778, 54, 'CUCUTA', 1, '7.8833333', '-72.5052778'),
(779, 54, 'ABREGO', 0, NULL, NULL),
(780, 54, 'ARBOLEDAS', 0, NULL, NULL),
(781, 54, 'BOCHALEMA', 0, NULL, NULL),
(782, 54, 'BUCARASICA', 0, NULL, NULL),
(783, 54, 'CACOTA', 0, NULL, NULL),
(784, 54, 'CACHIRA', 0, NULL, NULL),
(785, 54, 'CHINACOTA', 0, NULL, NULL),
(786, 54, 'CHITAGA', 0, NULL, NULL),
(787, 54, 'CONVENCION', 0, NULL, NULL),
(788, 54, 'CUCUTILLA', 0, NULL, NULL),
(789, 54, 'DURANIA', 0, NULL, NULL),
(790, 54, 'EL CARMEN', 0, NULL, NULL),
(791, 54, 'EL TARRA', 0, NULL, NULL),
(792, 54, 'EL ZULIA', 0, NULL, NULL),
(793, 54, 'GRAMALOTE', 0, NULL, NULL),
(794, 54, 'HACARI', 0, NULL, NULL),
(795, 54, 'HERRAN', 0, NULL, NULL),
(796, 54, 'LABATECA', 0, NULL, NULL),
(797, 54, 'LA ESPERANZA', 0, NULL, NULL),
(798, 54, 'LA PLAYA', 0, NULL, NULL),
(799, 54, 'LOS PATIOS', 0, NULL, NULL),
(800, 54, 'LOURDES', 0, NULL, NULL),
(801, 54, 'MUTISCUA', 0, NULL, NULL),
(802, 54, 'OCAÑA', 1, '8.25', '-73.3'),
(803, 54, 'PAMPLONA', 0, NULL, NULL),
(804, 54, 'PAMPLONITA', 0, NULL, NULL),
(805, 54, 'PUERTO SANTANDER', 0, NULL, NULL),
(806, 54, 'RAGONVALIA', 0, NULL, NULL),
(807, 54, 'SALAZAR', 0, NULL, NULL),
(808, 54, 'SAN CALIXTO', 0, NULL, NULL),
(809, 54, 'SAN CAYETANO', 0, NULL, NULL),
(810, 54, 'SANTIAGO', 0, NULL, NULL),
(811, 54, 'SARDINATA', 0, NULL, NULL),
(812, 54, 'SILOS', 0, NULL, NULL),
(813, 54, 'TEORAMA', 0, NULL, NULL),
(814, 54, 'TIBU', 0, NULL, NULL),
(815, 54, 'TOLEDO', 0, NULL, NULL),
(816, 54, 'VILLA CARO', 0, NULL, NULL),
(817, 54, 'VILLA DEL ROSARIO', 0, NULL, NULL),
(818, 63, 'ARMENIA Quindío', 1, '4.528611', '-75.704167'),
(819, 63, 'BUENAVISTA', 0, NULL, NULL),
(820, 63, 'CALARCA', 0, NULL, NULL),
(821, 63, 'CIRCASIA', 0, NULL, NULL),
(822, 63, 'CORDOBA', 0, NULL, NULL),
(823, 63, 'FILANDIA', 0, NULL, NULL),
(824, 63, 'GENOVA', 0, NULL, NULL),
(825, 63, 'LA TEBAIDA', 0, NULL, NULL),
(826, 63, 'MONTENEGRO', 0, NULL, NULL),
(827, 63, 'PIJAO', 0, NULL, NULL),
(828, 63, 'QUIMBAYA', 0, NULL, NULL),
(829, 63, 'SALENTO', 0, NULL, NULL),
(830, 66, 'PEREIRA', 1, '4.8133333', '-75.6961111'),
(831, 66, 'APIA', 0, NULL, NULL),
(832, 66, 'BALBOA', 0, NULL, NULL),
(833, 66, 'BELEN DE UMBRIA', 0, NULL, NULL),
(834, 66, 'DOSQUEBRADAS', 0, NULL, NULL),
(835, 66, 'GUATICA', 0, NULL, NULL),
(836, 66, 'LA CELIA', 0, NULL, NULL),
(837, 66, 'LA VIRGINIA', 0, NULL, NULL),
(838, 66, 'MARSELLA', 0, NULL, NULL),
(839, 66, 'MISTRATO', 0, NULL, NULL),
(840, 66, 'PUEBLO RICO', 0, NULL, NULL),
(841, 66, 'QUINCHIA', 0, NULL, NULL),
(842, 66, 'SANTA ROSA DE CABAL', 0, NULL, NULL),
(843, 66, 'SANTUARIO', 0, NULL, NULL),
(844, 68, 'BUCARAMANGA', 1, '7.1297222', '-73.1258333'),
(845, 68, 'AGUADA', 0, NULL, NULL),
(846, 68, 'ALBANIA', 0, NULL, NULL),
(847, 68, 'ARATOCA', 0, NULL, NULL),
(848, 68, 'BARBOSA', 0, NULL, NULL),
(849, 68, 'BARICHARA', 0, NULL, NULL),
(850, 68, 'BARRANCABERMEJA', 1, '7.0652778', '-73.8547222'),
(851, 68, 'BETULIA', 0, NULL, NULL),
(852, 68, 'BOLIVAR', 0, NULL, NULL),
(853, 68, 'CABRERA', 0, NULL, NULL),
(854, 68, 'CALIFORNIA', 0, NULL, NULL),
(855, 68, 'CAPITANEJO', 0, NULL, NULL),
(856, 68, 'CARCASI', 0, NULL, NULL),
(857, 68, 'CEPITA', 0, NULL, NULL),
(858, 68, 'CERRITO', 0, NULL, NULL),
(859, 68, 'CHARALA', 0, NULL, NULL),
(860, 68, 'CHARTA', 0, NULL, NULL),
(861, 68, 'CHIMA', 0, NULL, NULL),
(862, 68, 'CHIPATA', 0, NULL, NULL),
(863, 68, 'CIMITARRA', 0, NULL, NULL),
(864, 68, 'CONCEPCION', 0, NULL, NULL),
(865, 68, 'CONFINES', 0, NULL, NULL),
(866, 68, 'CONTRATACION', 0, NULL, NULL),
(867, 68, 'COROMORO', 0, NULL, NULL),
(868, 68, 'CURITI', 0, NULL, NULL),
(869, 68, 'EL CARMEN DE CHUCURI', 0, NULL, NULL),
(870, 68, 'EL GUACAMAYO', 0, NULL, NULL),
(871, 68, 'EL PEÑON', 0, NULL, NULL),
(872, 68, 'EL PLAYON', 0, NULL, NULL),
(873, 68, 'ENCINO', 0, NULL, NULL),
(874, 68, 'ENCISO', 0, NULL, NULL),
(875, 68, 'FLORIAN', 0, NULL, NULL),
(876, 68, 'FLORIDABLANCA', 0, NULL, NULL),
(877, 68, 'GALAN', 0, NULL, NULL),
(878, 68, 'GAMBITA', 0, NULL, NULL),
(879, 68, 'GIRON', 0, NULL, NULL),
(880, 68, 'GUACA', 0, NULL, NULL),
(881, 68, 'GUADALUPE', 0, NULL, NULL),
(882, 68, 'GUAPOTA', 0, NULL, NULL),
(883, 68, 'GUAVATA', 0, NULL, NULL),
(884, 68, 'GsEPSA', 0, NULL, NULL),
(885, 68, 'HATO', 0, NULL, NULL),
(886, 68, 'JESUS MARIA', 0, NULL, NULL),
(887, 68, 'JORDAN', 0, NULL, NULL),
(888, 68, 'LA BELLEZA', 0, NULL, NULL),
(889, 68, 'LANDAZURI', 0, NULL, NULL),
(890, 68, 'LA PAZ', 0, NULL, NULL),
(891, 68, 'LEBRIJA', 0, NULL, NULL),
(892, 68, 'LOS SANTOS', 0, NULL, NULL),
(893, 68, 'MACARAVITA', 0, NULL, NULL),
(894, 68, 'MALAGA', 0, NULL, NULL),
(895, 68, 'MATANZA', 0, NULL, NULL),
(896, 68, 'MOGOTES', 0, NULL, NULL),
(897, 68, 'MOLAGAVITA', 0, NULL, NULL),
(898, 68, 'OCAMONTE', 0, NULL, NULL),
(899, 68, 'OIBA', 0, NULL, NULL),
(900, 68, 'ONZAGA', 0, NULL, NULL),
(901, 68, 'PALMAR', 0, NULL, NULL),
(902, 68, 'PALMAS DEL SOCORRO', 0, NULL, NULL),
(903, 68, 'PARAMO', 0, NULL, NULL),
(904, 68, 'PIEDECUESTA', 0, NULL, NULL),
(905, 68, 'PINCHOTE', 0, NULL, NULL),
(906, 68, 'PUENTE NACIONAL', 0, NULL, NULL),
(907, 68, 'PUERTO PARRA', 0, NULL, NULL),
(908, 68, 'PUERTO WILCHES', 0, NULL, NULL),
(909, 68, 'RIONEGRO', 0, NULL, NULL),
(910, 68, 'SABANA DE TORRES', 0, NULL, NULL),
(911, 68, 'SAN ANDRES', 0, NULL, NULL),
(912, 68, 'SAN BENITO', 0, NULL, NULL),
(913, 68, 'SAN GIL', 0, NULL, NULL),
(914, 68, 'SAN JOAQUIN', 0, NULL, NULL),
(915, 68, 'SAN JOSE DE MIRANDA', 0, NULL, NULL),
(916, 68, 'SAN MIGUEL', 0, NULL, NULL),
(917, 68, 'SAN VICENTE DE CHUCURI', 0, NULL, NULL),
(918, 68, 'SANTA BARBARA', 0, NULL, NULL),
(919, 68, 'SANTA HELENA DEL OPON', 0, NULL, NULL),
(920, 68, 'SIMACOTA', 0, NULL, NULL),
(921, 68, 'SOCORRO', 0, NULL, NULL),
(922, 68, 'SUAITA', 0, NULL, NULL),
(923, 68, 'SUCRE', 0, NULL, NULL),
(924, 68, 'SURATA', 0, NULL, NULL),
(925, 68, 'TONA', 0, NULL, NULL),
(926, 68, 'VALLE DE SAN JOSE', 0, NULL, NULL),
(927, 68, 'VELEZ', 0, NULL, NULL),
(928, 68, 'VETAS', 0, NULL, NULL),
(929, 68, 'VILLANUEVA', 0, NULL, NULL),
(930, 68, 'ZAPATOCA', 0, NULL, NULL),
(931, 70, 'SINCELEJO', 1, '9.3047222', '-75.3977778'),
(932, 70, 'BUENAVISTA', 0, NULL, NULL),
(933, 70, 'CAIMITO', 0, NULL, NULL),
(934, 70, 'COLOSO', 0, NULL, NULL),
(935, 70, 'COROZAL', 0, NULL, NULL),
(936, 70, 'COVEÑAS', 0, NULL, NULL),
(937, 70, 'CHALAN', 0, NULL, NULL),
(938, 70, 'EL ROBLE', 0, NULL, NULL),
(939, 70, 'GALERAS', 0, NULL, NULL),
(940, 70, 'GUARANDA', 0, NULL, NULL),
(941, 70, 'LA UNION', 0, NULL, NULL),
(942, 70, 'LOS PALMITOS', 0, NULL, NULL),
(943, 70, 'MAJAGUAL', 0, NULL, NULL),
(944, 70, 'MORROA', 0, NULL, NULL),
(945, 70, 'OVEJAS', 0, NULL, NULL),
(946, 70, 'PALMITO', 0, NULL, NULL),
(947, 70, 'SAMPUES', 0, NULL, NULL),
(948, 70, 'SAN BENITO ABAD', 0, NULL, NULL),
(949, 70, 'SAN JUAN DE BETULIA', 0, NULL, NULL),
(950, 70, 'SAN MARCOS', 0, NULL, NULL),
(951, 70, 'SAN ONOFRE', 0, NULL, NULL),
(952, 70, 'SAN PEDRO', 0, NULL, NULL),
(953, 70, 'SAN LUIS DE SINCE', 0, NULL, NULL),
(954, 70, 'SUCRE', 0, NULL, NULL),
(955, 70, 'SANTIAGO DE TOLU', 0, NULL, NULL),
(956, 70, 'TOLU VIEJO', 0, NULL, NULL),
(957, 73, 'IBAGUE', 1, '4.4388889', '-75.2322222'),
(958, 73, 'ALPUJARRA', 0, NULL, NULL),
(959, 73, 'ALVARADO', 0, NULL, NULL),
(960, 73, 'AMBALEMA', 0, NULL, NULL),
(961, 73, 'ANZOATEGUI', 0, NULL, NULL),
(962, 73, 'ARMERO', 0, NULL, NULL),
(963, 73, 'ATACO', 0, NULL, NULL),
(964, 73, 'CAJAMARCA', 0, NULL, NULL),
(965, 73, 'CARMEN DE APICALA', 0, NULL, NULL),
(966, 73, 'CASABIANCA', 0, NULL, NULL),
(967, 73, 'CHAPARRAL', 0, NULL, NULL),
(968, 73, 'COELLO', 0, NULL, NULL),
(969, 73, 'COYAIMA', 0, NULL, NULL),
(970, 73, 'CUNDAY', 0, NULL, NULL),
(971, 73, 'DOLORES', 0, NULL, NULL),
(972, 73, 'ESPINAL', 1, '4.2', '-74.8333333'),
(973, 73, 'FALAN', 0, NULL, NULL),
(974, 73, 'FLANDES', 0, NULL, NULL),
(975, 73, 'FRESNO', 0, NULL, NULL),
(976, 73, 'GUAMO', 0, NULL, NULL),
(977, 73, 'HERVEO', 0, NULL, NULL),
(978, 73, 'HONDA', 0, NULL, NULL),
(979, 73, 'ICONONZO', 0, NULL, NULL),
(980, 73, 'LERIDA', 0, NULL, NULL),
(981, 73, 'LIBANO', 0, NULL, NULL),
(982, 73, 'MARIQUITA', 0, NULL, NULL),
(983, 73, 'MELGAR', 0, NULL, NULL),
(984, 73, 'MURILLO', 0, NULL, NULL),
(985, 73, 'NATAGAIMA', 0, NULL, NULL),
(986, 73, 'ORTEGA', 0, NULL, NULL),
(987, 73, 'PALOCABILDO', 0, NULL, NULL),
(988, 73, 'PIEDRAS', 0, NULL, NULL),
(989, 73, 'PLANADAS', 0, NULL, NULL),
(990, 73, 'PRADO', 0, NULL, NULL),
(991, 73, 'PURIFICACION', 0, NULL, NULL),
(992, 73, 'RIOBLANCO', 0, NULL, NULL),
(993, 73, 'RONCESVALLES', 0, NULL, NULL),
(994, 73, 'ROVIRA', 0, NULL, NULL),
(995, 73, 'SALDAÑA', 0, NULL, NULL),
(996, 73, 'SAN ANTONIO', 0, NULL, NULL),
(997, 73, 'SAN LUIS', 0, NULL, NULL),
(998, 73, 'SANTA ISABEL', 0, NULL, NULL),
(999, 73, 'SUAREZ', 0, NULL, NULL),
(1000, 73, 'VALLE DE SAN JUAN', 0, NULL, NULL),
(1001, 73, 'VENADILLO', 0, NULL, NULL),
(1002, 73, 'VILLAHERMOSA', 0, NULL, NULL),
(1003, 73, 'VILLARRICA', 0, NULL, NULL),
(1004, 76, 'CALI', 1, '3.4372222', '-76.5225'),
(1005, 76, 'ALCALA', 0, NULL, NULL),
(1006, 76, 'ANDALUCIA', 0, NULL, NULL),
(1007, 76, 'ANSERMANUEVO', 0, NULL, NULL),
(1008, 76, 'ARGELIA', 0, NULL, NULL),
(1009, 76, 'BOLIVAR', 0, NULL, NULL),
(1010, 76, 'BUENAVENTURA', 1, '3.8933333', '-77.0697222'),
(1011, 76, 'GUADALAJARA DE BUGA', 0, NULL, NULL),
(1012, 76, 'BUGALAGRANDE', 0, NULL, NULL),
(1013, 76, 'CAICEDONIA', 0, NULL, NULL),
(1014, 76, 'CALIMA', 0, NULL, NULL),
(1015, 76, 'CANDELARIA', 0, NULL, NULL),
(1016, 76, 'CARTAGO', 1, '4.7463889', '-75.9116667'),
(1017, 76, 'DAGUA', 0, NULL, NULL),
(1018, 76, 'EL AGUILA', 0, NULL, NULL),
(1019, 76, 'EL CAIRO', 0, NULL, NULL),
(1020, 76, 'EL CERRITO', 0, NULL, NULL),
(1021, 76, 'EL DOVIO', 0, NULL, NULL),
(1022, 76, 'FLORIDA', 0, NULL, NULL),
(1023, 76, 'GINEBRA', 0, NULL, NULL),
(1024, 76, 'GUACARI', 0, NULL, NULL),
(1025, 76, 'JAMUNDI', 0, NULL, NULL),
(1026, 76, 'LA CUMBRE', 0, NULL, NULL),
(1027, 76, 'LA UNION', 0, NULL, NULL),
(1028, 76, 'LA VICTORIA', 0, NULL, NULL),
(1029, 76, 'OBANDO', 0, NULL, NULL),
(1030, 76, 'PALMIRA', 1, '3.5394444', '-76.3036111'),
(1031, 76, 'PRADERA', 0, NULL, NULL),
(1032, 76, 'RESTREPO', 0, NULL, NULL),
(1033, 76, 'RIOFRIO', 0, NULL, NULL),
(1034, 76, 'ROLDANILLO', 0, NULL, NULL),
(1035, 76, 'SAN PEDRO', 0, NULL, NULL),
(1036, 76, 'SEVILLA', 0, NULL, NULL),
(1037, 76, 'TORO', 0, NULL, NULL),
(1038, 76, 'TRUJILLO', 0, NULL, NULL),
(1039, 76, 'TULUA', 1, '4.0866667', '-76.2'),
(1040, 76, 'ULLOA', 0, NULL, NULL),
(1041, 76, 'VERSALLES', 0, NULL, NULL),
(1042, 76, 'VIJES', 0, NULL, NULL),
(1043, 76, 'YOTOCO', 0, NULL, NULL),
(1044, 76, 'YUMBO', 0, NULL, NULL),
(1045, 76, 'ZARZAL', 0, NULL, NULL),
(1046, 81, 'ARAUCA', 0, NULL, NULL),
(1047, 81, 'ARAUQUITA', 0, NULL, NULL),
(1048, 81, 'CRAVO NORTE', 0, NULL, NULL),
(1049, 81, 'FORTUL', 0, NULL, NULL),
(1050, 81, 'PUERTO RONDON', 0, NULL, NULL),
(1051, 81, 'SARAVENA', 0, NULL, NULL),
(1052, 81, 'TAME', 0, NULL, NULL),
(1053, 85, 'YOPAL', 1, '5.3394444', '-72.3941667'),
(1054, 85, 'AGUAZUL', 0, NULL, NULL),
(1055, 85, 'CHAMEZA', 0, NULL, NULL),
(1056, 85, 'HATO COROZAL', 0, NULL, NULL),
(1057, 85, 'LA SALINA', 0, NULL, NULL),
(1058, 85, 'MANI', 0, NULL, NULL),
(1059, 85, 'MONTERREY', 0, NULL, NULL),
(1060, 85, 'NUNCHIA', 0, NULL, NULL),
(1061, 85, 'OROCUE', 0, NULL, NULL),
(1062, 85, 'PAZ DE ARIPORO', 0, NULL, NULL),
(1063, 85, 'PORE', 0, NULL, NULL),
(1064, 85, 'RECETOR', 0, NULL, NULL),
(1065, 85, 'SABANALARGA', 0, NULL, NULL),
(1066, 85, 'SACAMA', 0, NULL, NULL),
(1067, 85, 'SAN LUIS DE PALENQUE', 0, NULL, NULL),
(1068, 85, 'TAMARA', 0, NULL, NULL),
(1069, 85, 'TAURAMENA', 0, NULL, NULL),
(1070, 85, 'TRINIDAD', 0, NULL, NULL),
(1071, 85, 'VILLANUEVA', 0, NULL, NULL),
(1072, 86, 'MOCOA', 0, NULL, NULL),
(1073, 86, 'COLON', 0, NULL, NULL),
(1074, 86, 'ORITO', 0, NULL, NULL),
(1075, 86, 'PUERTO ASIS', 0, NULL, NULL),
(1076, 86, 'PUERTO CAICEDO', 0, NULL, NULL),
(1077, 86, 'PUERTO GUZMAN', 0, NULL, NULL),
(1078, 86, 'LEGUIZAMO', 0, NULL, NULL),
(1079, 86, 'SIBUNDOY', 0, NULL, NULL),
(1080, 86, 'SAN FRANCISCO', 0, NULL, NULL),
(1081, 86, 'SAN MIGUEL', 0, NULL, NULL),
(1082, 86, 'SANTIAGO', 0, NULL, NULL),
(1083, 86, 'VALLE DEL GUAMUEZ', 0, NULL, NULL),
(1084, 86, 'VILLAGARZON', 0, NULL, NULL),
(1085, 88, 'SAN ANDRES', 0, NULL, NULL),
(1086, 88, 'PROVIDENCIA', 0, NULL, NULL),
(1087, 91, 'LETICIA', 0, NULL, NULL),
(1088, 91, 'EL ENCANTO', 0, NULL, NULL),
(1089, 91, 'LA CHORRERA', 0, NULL, NULL),
(1090, 91, 'LA PEDRERA', 0, NULL, NULL),
(1091, 91, 'LA VICTORIA', 0, NULL, NULL),
(1092, 91, 'MIRITI - PARANA', 0, NULL, NULL),
(1093, 91, 'PUERTO ALEGRIA', 0, NULL, NULL),
(1094, 91, 'PUERTO ARICA', 0, NULL, NULL),
(1095, 91, 'PUERTO NARIÑO', 0, NULL, NULL),
(1096, 91, 'PUERTO SANTANDER', 0, NULL, NULL),
(1097, 91, 'TARAPACA', 0, NULL, NULL),
(1098, 94, 'INIRIDA', 0, NULL, NULL),
(1099, 94, 'BARRANCO MINAS', 0, NULL, NULL),
(1100, 94, 'MAPIRIPANA', 0, NULL, NULL),
(1101, 94, 'SAN FELIPE', 0, NULL, NULL),
(1102, 94, 'PUERTO COLOMBIA', 0, NULL, NULL),
(1103, 94, 'LA GUADALUPE', 0, NULL, NULL),
(1104, 94, 'CACAHUAL', 0, NULL, NULL),
(1105, 94, 'PANA PANA', 0, NULL, NULL),
(1106, 94, 'MORICHAL', 0, NULL, NULL),
(1107, 95, 'SAN JOSE DEL GUAVIARE', 0, NULL, NULL),
(1108, 95, 'CALAMAR', 0, NULL, NULL),
(1109, 95, 'EL RETORNO', 0, NULL, NULL),
(1110, 95, 'MIRAFLORES', 0, NULL, NULL),
(1111, 97, 'MITU', 0, NULL, NULL),
(1112, 97, 'CARURU', 0, NULL, NULL),
(1113, 97, 'PACOA', 0, NULL, NULL),
(1114, 97, 'TARAIRA', 0, NULL, NULL),
(1115, 97, 'PAPUNAUA', 0, NULL, NULL),
(1116, 97, 'YAVARATE', 0, NULL, NULL),
(1117, 99, 'PUERTO CARREÑO', 0, NULL, NULL),
(1118, 99, 'LA PRIMAVERA', 0, NULL, NULL),
(1119, 99, 'SANTA ROSALIA', 0, NULL, NULL),
(1120, 99, 'CUMARIBO', 0, NULL, NULL);

-- --------------------------------------------------------

--
-- Table structure for table `aw_departamento`
--

CREATE TABLE IF NOT EXISTS `aw_departamento` (
  `id` int(11) NOT NULL,
  `nombre` varchar(250) NOT NULL,
  `menu` int(11) DEFAULT '0',
  `latitud` varchar(50) DEFAULT NULL,
  `longitud` varchar(50) DEFAULT NULL,
  PRIMARY KEY (`id`)
) ENGINE=InnoDB DEFAULT CHARSET=latin1;

--
-- Dumping data for table `aw_departamento`
--

INSERT INTO `aw_departamento` (`id`, `nombre`, `menu`, `latitud`, `longitud`) VALUES
(5, 'ANTIOQUIA', 1, '7', '-75.5'),
(8, 'ATLANTICO', 1, '10.75', '-75'),
(11, 'BOGOTA', 1, '5', '-74.1666667'),
(13, 'BOLIVAR', 1, '9', '-74.3333333'),
(15, 'BOYACA', 1, '5.5', '-72.5'),
(17, 'CALDAS', 1, '5.25', '-75.5'),
(18, 'CAQUETA', 1, '1', '-74'),
(19, 'CAUCA', 1, '2.5', '-76.8333333'),
(20, 'CESAR', 1, '9.3333333', '-73.5'),
(23, 'CORDOBA', 1, '8.3333333', '-75.6666667'),
(25, 'CUNDINAMARCA', 1, '5', '-74.1666667'),
(27, 'CHOCO', 1, '6', '-77'),
(41, 'HUILA', 1, '2.5', '-75.75'),
(44, 'LA GUAJIRA', 1, '11.5', '-72.5'),
(47, 'MAGDALENA', 1, '10', '-74.5'),
(50, 'META', 1, '3.5', '-73'),
(52, 'NARIÑO', 1, '1.5', '-78'),
(54, 'N. DE SANTANDER', 1, '8', '-73'),
(63, 'QUINDIO', 1, '4.5', '-75.6666667'),
(66, 'RISARALDA', 1, '5', '-76'),
(68, 'SANTANDER', 1, '7', '-73.25'),
(70, 'SUCRE', 1, '9', '-75'),
(73, 'TOLIMA', 1, '3.75', '-75.25'),
(76, 'VALLE DEL CAUCA', 1, '3.75', '-76.5'),
(81, 'ARAUCA', 1, '7.0902778', '-70.7616667'),
(85, 'CASANARE', 1, '5.5', '-71.5'),
(86, 'PUTUMAYO', 1, '0.5', '-76'),
(88, 'SAN ANDRES', 1, '12.5847222', '-81.7005556'),
(91, 'AMAZONAS', 1, '-1.0197222', '-71.9383333'),
(94, 'GUAINIA', 1, '2.5', '-69'),
(95, 'GUAVIARE', 1, '1.6894444', '-72.8202778'),
(97, 'VAUPES', 1, '0.25', '-70.75'),
(99, 'VICHADA', 1, '5', '-69.5');

-- --------------------------------------------------------

--
-- Table structure for table `cruge_authassignment`
--

CREATE TABLE IF NOT EXISTS `cruge_authassignment` (
  `userid` int(11) NOT NULL,
  `bizrule` text,
  `data` text,
  `itemname` varchar(64) NOT NULL,
  PRIMARY KEY (`userid`,`itemname`),
  KEY `fk_cruge_authassignment_cruge_authitem1` (`itemname`),
  KEY `fk_cruge_authassignment_user` (`userid`)
) ENGINE=InnoDB DEFAULT CHARSET=latin1;

--
-- Dumping data for table `cruge_authassignment`
--

INSERT INTO `cruge_authassignment` (`userid`, `bizrule`, `data`, `itemname`) VALUES
(1, NULL, 'N;', 'jury'),
(10, NULL, 'N;', 'jury'),
(45, NULL, 'N;', 'Registers'),
(46, NULL, 'N;', 'jury'),
(46, NULL, 'N;', 'Registers'),
(48, NULL, 'N;', 'Agencia'),
(49, NULL, 'N;', 'Agencia'),
(50, NULL, 'N;', 'Agencia'),
(51, NULL, 'N;', 'Agencia'),
(52, NULL, 'N;', 'Agencia');

-- --------------------------------------------------------

--
-- Table structure for table `cruge_authitem`
--

CREATE TABLE IF NOT EXISTS `cruge_authitem` (
  `name` varchar(64) NOT NULL,
  `type` int(11) NOT NULL,
  `description` text,
  `bizrule` text,
  `data` text,
  PRIMARY KEY (`name`)
) ENGINE=InnoDB DEFAULT CHARSET=latin1;

--
-- Dumping data for table `cruge_authitem`
--

INSERT INTO `cruge_authitem` (`name`, `type`, `description`, `bizrule`, `data`) VALUES
('action_calificaciones_admin', 0, '', NULL, 'N;'),
('action_calificaciones_adminjuez', 0, '', NULL, 'N;'),
('action_calificaciones_create', 0, '', NULL, 'N;'),
('action_calificaciones_delete', 0, '', NULL, 'N;'),
('action_calificaciones_download', 0, '', NULL, 'N;'),
('action_calificaciones_editcal', 0, '', NULL, 'N;'),
('action_calificaciones_index', 0, '', NULL, 'N;'),
('action_calificaciones_trabajocalifica', 0, '', NULL, 'N;'),
('action_calificaciones_update', 0, '', NULL, 'N;'),
('action_calificaciones_updatetrabajo', 0, '', NULL, 'N;'),
('action_calificaciones_view', 0, '', NULL, 'N;'),
('action_contenido_admin', 0, '', NULL, 'N;'),
('action_contenido_ampliar', 0, '', NULL, 'N;'),
('action_contenido_create', 0, '', NULL, 'N;'),
('action_contenido_delete', 0, '', NULL, 'N;'),
('action_contenido_index', 0, '', NULL, 'N;'),
('action_contenido_noticias', 0, '', NULL, 'N;'),
('action_contenido_update', 0, '', NULL, 'N;'),
('action_contenido_view', 0, '', NULL, 'N;'),
('action_jurado_admin', 0, '', NULL, 'N;'),
('action_jurado_create', 0, '', NULL, 'N;'),
('action_jurado_delete', 0, '', NULL, 'N;'),
('action_jurado_index', 0, '', NULL, 'N;'),
('action_jurado_index_jurado', 0, '', NULL, 'N;'),
('action_jurado_update', 0, '', NULL, 'N;'),
('action_jurado_view', 0, '', NULL, 'N;'),
('action_mwparticipantes_admin', 0, '', NULL, 'N;'),
('action_mwparticipantes_create', 0, '', NULL, 'N;'),
('action_mwparticipantes_delete', 0, '', NULL, 'N;'),
('action_mwparticipantes_index', 0, '', NULL, 'N;'),
('action_mwparticipantes_update', 0, '', NULL, 'N;'),
('action_mwparticipantes_view', 0, '', NULL, 'N;'),
('action_participantes_admin', 0, '', NULL, 'N;'),
('action_participantes_ciudad_depto', 0, '', NULL, 'N;'),
('action_participantes_create', 0, '', NULL, 'N;'),
('action_participantes_delete', 0, '', NULL, 'N;'),
('action_participantes_export_2', 0, '', NULL, 'N;'),
('action_participantes_index', 0, '', NULL, 'N;'),
('action_participantes_register', 0, '', NULL, 'N;'),
('action_participantes_update', 0, '', NULL, 'N;'),
('action_participantes_view', 0, '', NULL, 'N;'),
('action_site_contact', 0, '', NULL, 'N;'),
('action_site_cuenta', 0, '', NULL, 'N;'),
('action_site_error', 0, '', NULL, 'N;'),
('action_site_index', 0, '', NULL, 'N;'),
('action_site_login', 0, '', NULL, 'N;'),
('action_site_logout', 0, '', NULL, 'N;'),
('action_soportes_admin', 0, '', NULL, 'N;'),
('action_soportes_create', 0, '', NULL, 'N;'),
('action_soportes_delete', 0, '', NULL, 'N;'),
('action_soportes_index', 0, '', NULL, 'N;'),
('action_soportes_update', 0, '', NULL, 'N;'),
('action_soportes_view', 0, '', NULL, 'N;'),
('action_trabajos_admin', 0, '', NULL, 'N;'),
('action_trabajos_adminagencia', 0, '', NULL, 'N;'),
('action_trabajos_adminjuez', 0, '', NULL, 'N;'),
('action_trabajos_adminjuez2', 0, '', NULL, 'N;'),
('action_trabajos_adminjuez_todo', 0, '', NULL, 'N;'),
('action_trabajos_create', 0, '', NULL, 'N;'),
('action_trabajos_delete', 0, '', NULL, 'N;'),
('action_trabajos_export_2', 0, '', NULL, 'N;'),
('action_trabajos_index', 0, '', NULL, 'N;'),
('action_trabajos_PonderadoFinal', 0, '', NULL, 'N;'),
('action_trabajos_update', 0, '', NULL, 'N;'),
('action_trabajos_upload', 0, '', NULL, 'N;'),
('action_trabajos_view', 0, '', NULL, 'N;'),
('action_trabajos_view_2', 0, '', NULL, 'N;'),
('action_ui_ajaxresendregistrationemail', 0, '', NULL, 'N;'),
('action_ui_editprofile', 0, '', NULL, 'N;'),
('action_ui_fieldsadmincreate', 0, '', NULL, 'N;'),
('action_ui_fieldsadmindelete', 0, '', NULL, 'N;'),
('action_ui_fieldsadminlist', 0, '', NULL, 'N;'),
('action_ui_fieldsadminupdate', 0, '', NULL, 'N;'),
('action_ui_Login', 0, '', NULL, 'N;'),
('action_ui_rbacajaxassignment', 0, '', NULL, 'N;'),
('action_ui_rbacajaxsetchilditem', 0, '', NULL, 'N;'),
('action_ui_rbacauthitemchilditems', 0, '', NULL, 'N;'),
('action_ui_rbacauthitemcreate', 0, '', NULL, 'N;'),
('action_ui_rbacauthitemupdate', 0, '', NULL, 'N;'),
('action_ui_rbaclistops', 0, '', NULL, 'N;'),
('action_ui_rbaclistroles', 0, '', NULL, 'N;'),
('action_ui_rbacusersassignments', 0, '', NULL, 'N;'),
('action_ui_systemupdate', 0, '', NULL, 'N;'),
('action_ui_UserManagementAdmin', 0, '', NULL, 'N;'),
('action_ui_usermanagementcreate', 0, '', NULL, 'N;'),
('action_ui_usermanagementdelete', 0, '', NULL, 'N;'),
('action_ui_usermanagementupdate', 0, '', NULL, 'N;'),
('admin', 0, '', NULL, 'N;'),
('Agencia', 2, 'Agencia', '', 'N;'),
('controller_calificaciones', 0, '', NULL, 'N;'),
('controller_contenido', 0, '', NULL, 'N;'),
('controller_jurado', 0, '', NULL, 'N;'),
('controller_mwparticipantes', 0, '', NULL, 'N;'),
('controller_participantes', 0, '', NULL, 'N;'),
('controller_site', 0, '', NULL, 'N;'),
('controller_soportes', 0, '', NULL, 'N;'),
('controller_trabajos', 0, '', NULL, 'N;'),
('edit-advanced-profile-features', 0, '/home/wwwmwonl/public_html/amway/protected/modules/cruge/views/ui/usermanagementupdate.php linea 114', NULL, 'N;'),
('jury', 2, 'jurado', '', 'N;'),
('Registers', 2, 'registers', 'return Yii::app()->user->id==$params["post"]->authID;', 'N;'),
('visitors', 2, 'visitors', '', 'N;');

-- --------------------------------------------------------

--
-- Table structure for table `cruge_authitemchild`
--

CREATE TABLE IF NOT EXISTS `cruge_authitemchild` (
  `parent` varchar(64) NOT NULL,
  `child` varchar(64) NOT NULL,
  PRIMARY KEY (`parent`,`child`),
  KEY `child` (`child`)
) ENGINE=InnoDB DEFAULT CHARSET=latin1;

--
-- Dumping data for table `cruge_authitemchild`
--

INSERT INTO `cruge_authitemchild` (`parent`, `child`) VALUES
('jury', 'action_calificaciones_admin'),
('jury', 'action_calificaciones_adminjuez'),
('jury', 'action_calificaciones_create'),
('jury', 'action_calificaciones_delete'),
('jury', 'action_calificaciones_index'),
('jury', 'action_calificaciones_update'),
('jury', 'action_calificaciones_view'),
('Registers', 'action_contenido_noticias'),
('visitors', 'action_contenido_noticias'),
('Registers', 'action_participantes_index'),
('Registers', 'action_site_contact'),
('Registers', 'action_site_error'),
('Registers', 'action_site_index'),
('Registers', 'action_site_login'),
('Registers', 'action_site_logout'),
('jury', 'controller_calificaciones'),
('jury', 'controller_trabajos');

-- --------------------------------------------------------

--
-- Table structure for table `cruge_field`
--

CREATE TABLE IF NOT EXISTS `cruge_field` (
  `idfield` int(11) NOT NULL AUTO_INCREMENT,
  `fieldname` varchar(20) NOT NULL,
  `longname` varchar(50) DEFAULT NULL,
  `position` int(11) DEFAULT '0',
  `required` int(11) DEFAULT '0',
  `fieldtype` int(11) DEFAULT '0',
  `fieldsize` int(11) DEFAULT '20',
  `maxlength` int(11) DEFAULT '45',
  `showinreports` int(11) DEFAULT '0',
  `useregexp` varchar(512) DEFAULT NULL,
  `useregexpmsg` varchar(512) DEFAULT NULL,
  `predetvalue` mediumblob,
  PRIMARY KEY (`idfield`)
) ENGINE=InnoDB  DEFAULT CHARSET=latin1 AUTO_INCREMENT=12 ;

-- --------------------------------------------------------

--
-- Table structure for table `cruge_fieldvalue`
--

CREATE TABLE IF NOT EXISTS `cruge_fieldvalue` (
  `idfieldvalue` int(11) NOT NULL AUTO_INCREMENT,
  `iduser` int(11) NOT NULL,
  `idfield` int(11) NOT NULL,
  `value` blob,
  PRIMARY KEY (`idfieldvalue`),
  KEY `fk_cruge_fieldvalue_cruge_user1` (`iduser`),
  KEY `fk_cruge_fieldvalue_cruge_field1` (`idfield`)
) ENGINE=InnoDB  DEFAULT CHARSET=latin1 AUTO_INCREMENT=52 ;

-- --------------------------------------------------------

--
-- Table structure for table `cruge_session`
--

CREATE TABLE IF NOT EXISTS `cruge_session` (
  `idsession` int(11) NOT NULL AUTO_INCREMENT,
  `iduser` int(11) NOT NULL,
  `created` bigint(30) DEFAULT NULL,
  `expire` bigint(30) DEFAULT NULL,
  `status` int(11) DEFAULT '0',
  `ipaddress` varchar(45) DEFAULT NULL,
  `usagecount` int(11) DEFAULT '0',
  `lastusage` bigint(30) DEFAULT NULL,
  `logoutdate` bigint(30) DEFAULT NULL,
  `ipaddressout` varchar(45) DEFAULT NULL,
  PRIMARY KEY (`idsession`),
  KEY `crugesession_iduser` (`iduser`)
) ENGINE=InnoDB  DEFAULT CHARSET=latin1 AUTO_INCREMENT=175 ;

--
-- Dumping data for table `cruge_session`
--

INSERT INTO `cruge_session` (`idsession`, `iduser`, `created`, `expire`, `status`, `ipaddress`, `usagecount`, `lastusage`, `logoutdate`, `ipaddressout`) VALUES
(1, 1, 1426303704, 1426305504, 0, '127.0.0.1', 1, 1426303704, 1426303955, '127.0.0.1'),
(2, 1, 1426304048, 1426305848, 1, '127.0.0.1', 1, 1426304048, NULL, NULL),
(3, 1, 1426310017, 1426311817, 0, '119.158.0.175', 1, 1426310017, 1426311744, '119.158.0.175'),
(4, 1, 1426313218, 1426315018, 0, '119.158.17.228', 1, 1426313218, NULL, NULL),
(5, 1, 1426319308, 1426321108, 0, '119.158.17.41', 1, 1426319308, NULL, NULL),
(6, 1, 1426325376, 1426327176, 1, '119.158.1.195', 1, 1426325376, NULL, NULL),
(7, 1, 1426338198, 1426339998, 0, '119.158.1.195', 1, 1426338198, 1426339279, '119.158.1.195'),
(8, 1, 1426339427, 1426341227, 0, '119.158.1.195', 1, 1426339427, 1426340483, '119.158.1.195'),
(9, 1, 1426342019, 1426343819, 0, '119.158.1.195', 1, 1426342019, NULL, NULL),
(10, 1, 1426350124, 1426351924, 0, '119.158.1.195', 1, 1426350124, NULL, NULL),
(11, 1, 1426397148, 1426398948, 1, '186.155.112.45', 1, 1426397148, NULL, NULL),
(12, 1, 1426402332, 1426404132, 0, '119.158.4.126', 1, 1426402332, NULL, NULL),
(13, 1, 1426406318, 1426408118, 1, '119.158.4.126', 1, 1426406318, NULL, NULL),
(14, 1, 1426419488, 1426421288, 0, '119.158.13.213', 1, 1426419488, NULL, NULL),
(15, 1, 1426447376, 1426449176, 0, '119.158.8.104', 1, 1426447376, NULL, NULL),
(16, 1, 1426473383, 1426475183, 1, '119.158.8.244', 1, 1426473383, NULL, NULL),
(17, 1, 1426517332, 1426519132, 0, '119.158.19.146', 1, 1426517332, 1426518130, '119.158.19.146'),
(18, 1, 1426518140, 1426519940, 0, '119.158.19.146', 1, 1426518140, 1426519098, '119.158.19.146'),
(19, 10, 1426519896, 1426521696, 0, '119.158.19.146', 1, 1426519896, 1426521414, '119.158.19.146'),
(20, 1, 1426520136, 1426521936, 0, '190.147.152.250', 1, 1426520136, 1426520239, '190.147.152.250'),
(21, 1, 1426537455, 1426539255, 0, '190.147.152.250', 1, 1426537455, 1426537625, '190.147.152.250'),
(22, 1, 1426537628, 1426539428, 0, '190.242.83.83', 3, 1426538868, 1426538910, '190.147.152.250'),
(23, 1, 1426538924, 1426540724, 1, '190.242.83.83', 1, 1426538924, NULL, NULL),
(24, 1, 1426570620, 1426572420, 0, '190.147.152.250', 2, 1426570826, 1426571510, '190.147.152.250'),
(25, 11, 1426571551, 1426573351, 1, '190.147.152.250', 1, 1426571551, NULL, NULL),
(26, 1, 1426605638, 1426607438, 0, '119.158.2.176', 1, 1426605638, 1426605789, '119.158.2.176'),
(27, 1, 1426605830, 1426607630, 0, '119.158.2.176', 1, 1426605830, NULL, NULL),
(28, 1, 1426612663, 1426614463, 0, '119.158.35.252', 1, 1426612663, NULL, NULL),
(29, 1, 1426614519, 1426616319, 0, '119.158.1.43', 1, 1426614519, 1426616034, '119.158.1.43'),
(30, 12, 1426616728, 1426618528, 1, '181.246.210.137', 1, 1426616728, NULL, NULL),
(31, 1, 1426617614, 1426619414, 0, '119.158.1.43', 1, 1426617614, NULL, NULL),
(32, 1, 1426620443, 1426622243, 1, '119.158.1.43', 1, 1426620443, NULL, NULL),
(33, 1, 1426630200, 1426632000, 0, '119.158.1.43', 1, 1426630200, 1426631896, '119.158.1.43'),
(34, 1, 1426631904, 1426633704, 0, '119.158.1.43', 1, 1426631904, 1426631916, '119.158.1.43'),
(35, 1, 1426631939, 1426633739, 1, '119.158.1.43', 1, 1426631939, NULL, NULL),
(36, 13, 1426652393, 1426654193, 1, '186.28.21.110', 1, 1426652393, NULL, NULL),
(37, 1, 1426874112, 1426875912, 0, '119.154.111.11', 1, 1426874112, NULL, NULL),
(38, 1, 1426877192, 1426878992, 0, '119.154.111.11', 1, 1426877192, 1426877599, '119.154.111.11'),
(39, 1, 1426883684, 1426885484, 0, '190.147.152.250', 1, 1426883684, NULL, NULL),
(40, 1, 1426885535, 1426887335, 1, '190.147.152.250', 1, 1426885535, NULL, NULL),
(41, 14, 1426886881, 1426888681, 0, '190.147.152.250', 2, 1426887721, 1426887935, '190.147.152.250'),
(42, 1, 1426951601, 1426953401, 0, '119.158.5.90', 1, 1426951601, NULL, NULL),
(43, 1, 1426972116, 1426973916, 0, '119.158.5.90', 1, 1426972116, 1426972151, '119.158.5.90'),
(44, 1, 1426972223, 1426974023, 0, '119.158.5.90', 1, 1426972223, 1426972252, '119.158.5.90'),
(45, 1, 1427034535, 1427036335, 0, '119.158.50.146', 1, 1427034535, NULL, NULL),
(46, 1, 1427039217, 1427041017, 0, '119.158.50.146', 1, 1427039217, NULL, NULL),
(47, 1, 1427042176, 1427043976, 1, '119.158.50.146', 1, 1427042176, NULL, NULL),
(48, 1, 1427048588, 1427050388, 0, '119.158.16.40', 1, 1427048588, NULL, NULL),
(49, 1, 1427050702, 1427052502, 0, '119.158.16.40', 1, 1427050702, NULL, NULL),
(50, 1, 1427052542, 1427054342, 0, '119.154.113.120', 1, 1427052542, NULL, NULL),
(51, 13, 1427052958, 1427054758, 0, '119.154.113.120', 1, 1427052958, 1427053441, '119.154.113.120'),
(52, 1, 1427056693, 1427058493, 0, '119.154.113.120', 1, 1427056693, NULL, NULL),
(53, 1, 1427058777, 1427060577, 0, '119.158.16.14', 2, 1427059344, 1427059385, '119.158.16.14'),
(54, 1, 1427059660, 1427061460, 1, '119.158.16.14', 1, 1427059660, NULL, NULL),
(55, 17, 1427060190, 1427061990, 0, '119.158.16.14', 1, 1427060190, NULL, NULL),
(56, 1, 1427068131, 1427069931, 0, '201.232.140.54', 1, 1427068131, 1427068802, '201.232.140.54'),
(57, 1, 1427109514, 1427111314, 0, '119.158.16.182', 2, 1427110764, NULL, NULL),
(58, 1, 1427111341, 1427113141, 0, '119.158.16.182', 1, 1427111341, 1427111762, '119.158.16.182'),
(59, 1, 1427112899, 1427114699, 1, '119.158.16.182', 1, 1427112899, NULL, NULL),
(60, 12, 1427126981, 1427128781, 1, '190.147.152.250', 1, 1427126981, NULL, NULL),
(61, 1, 1427191434, 1427193234, 0, '181.137.0.22', 1, 1427191434, 1427191638, '181.137.0.22'),
(62, 1, 1427191661, 1427193461, 0, '181.137.0.22', 1, 1427191661, 1427191830, '181.137.0.22'),
(63, 1, 1427192234, 1427194034, 1, '181.137.0.22', 1, 1427192234, NULL, NULL),
(64, 1, 1427196540, 1427198340, 0, '190.147.152.250', 1, 1427196540, NULL, NULL),
(65, 1, 1427199198, 1427200998, 0, '190.147.152.250', 1, 1427199198, NULL, NULL),
(66, 1, 1427229120, 1427230920, 0, '190.147.152.250', 1, 1427229120, NULL, NULL),
(67, 1, 1427236059, 1427237859, 0, '190.147.152.250', 1, 1427236059, 1427236398, '190.147.152.250'),
(68, 1, 1427236926, 1427238726, 0, '190.147.152.250', 1, 1427236926, 1427237791, '190.147.152.250'),
(69, 1, 1427238011, 1427239811, 0, '190.147.152.250', 2, 1427239721, NULL, NULL),
(70, 1, 1427240214, 1427242014, 0, '190.147.152.250', 1, 1427240214, 1427241308, '190.147.152.250'),
(71, 1, 1427241315, 1427243115, 1, '190.147.152.250', 1, 1427241315, NULL, NULL),
(72, 1, 1427252857, 1427254657, 0, '200.119.38.87', 2, 1427253277, NULL, NULL),
(73, 31, 1427266830, 1427268630, 1, '190.147.152.250', 1, 1427266830, NULL, NULL),
(74, 34, 1427267501, 1427269301, 1, '200.119.38.87', 1, 1427267501, NULL, NULL),
(75, 1, 1427295457, 1427297257, 0, '190.147.152.250', 1, 1427295457, 1427295497, '190.147.152.250'),
(76, 42, 1427297548, 1427299348, 1, '190.147.152.250', 1, 1427297548, NULL, NULL),
(77, 42, 1427306189, 1427307989, 0, '190.147.152.250', 1, 1427306189, 1427306471, '190.147.152.250'),
(78, 41, 1427310101, 1427311901, 0, '190.147.152.250', 1, 1427310101, NULL, NULL),
(79, 1, 1427311691, 1427313491, 0, '190.147.152.250', 1, 1427311691, NULL, NULL),
(80, 43, 1427312757, 1427314557, 0, '181.48.216.246', 1, 1427312757, NULL, NULL),
(81, 1, 1427315313, 1427317113, 0, '190.147.152.250', 1, 1427315313, NULL, NULL),
(82, 1, 1427327190, 1427328990, 0, '190.147.152.250', 1, 1427327190, NULL, NULL),
(83, 41, 1427330770, 1427332570, 1, '190.147.152.250', 1, 1427330770, NULL, NULL),
(84, 1, 1427333429, 1427335229, 0, '190.147.152.250', 1, 1427333429, 1427335160, '190.147.152.250'),
(85, 1, 1427336316, 1427338116, 0, '190.147.152.250', 1, 1427336316, 1427336346, '190.147.152.250'),
(86, 1, 1427336384, 1427338184, 0, '190.147.152.250', 1, 1427336384, 1427336470, '190.147.152.250'),
(87, 45, 1427336498, 1427338298, 0, '190.147.152.250', 1, 1427336498, NULL, NULL),
(88, 41, 1427339801, 1427341601, 0, '200.119.38.87', 1, 1427339801, 1427341488, '200.119.38.87'),
(89, 45, 1427340249, 1427342049, 0, '190.147.152.250', 1, 1427340249, 1427340634, '190.147.152.250'),
(90, 1, 1427340650, 1427342450, 0, '190.147.152.250', 1, 1427340650, 1427342397, '190.147.152.250'),
(91, 41, 1427341499, 1427343299, 0, '200.119.38.87', 1, 1427341499, 1427342066, '200.119.38.87'),
(92, 41, 1427342077, 1427343877, 1, '200.119.38.87', 1, 1427342077, NULL, NULL),
(93, 46, 1427342413, 1427344213, 0, '190.147.152.250', 1, 1427342413, 1427342562, '190.147.152.250'),
(94, 46, 1427342577, 1427344377, 0, '190.147.152.250', 1, 1427342577, 1427342597, '190.147.152.250'),
(95, 45, 1427342607, 1427344407, 0, '190.147.152.250', 1, 1427342607, 1427342613, '190.147.152.250'),
(96, 46, 1427342799, 1427344599, 0, '190.147.152.250', 1, 1427342799, 1427342829, '190.147.152.250'),
(97, 46, 1427342991, 1427344791, 0, '190.147.152.250', 1, 1427342991, 1427343288, '190.147.152.250'),
(98, 46, 1427343299, 1427345099, 0, '190.147.152.250', 1, 1427343299, 1427344863, '190.147.152.250'),
(99, 46, 1427344877, 1427346677, 0, '190.147.152.250', 1, 1427344877, 1427345361, '190.147.152.250'),
(100, 1, 1427345374, 1427347174, 0, '190.147.152.250', 1, 1427345374, 1427345430, '190.147.152.250'),
(101, 45, 1427345464, 1427347264, 0, '190.147.152.250', 1, 1427345464, 1427345596, '190.147.152.250'),
(102, 1, 1427345485, 1427347285, 0, '190.147.152.250', 1, 1427345485, 1427345587, '190.147.152.250'),
(103, 46, 1427345611, 1427347411, 0, '190.147.152.250', 1, 1427345611, 1427345775, '190.147.152.250'),
(104, 46, 1427345789, 1427347589, 0, '190.147.152.250', 1, 1427345789, 1427345795, '190.147.152.250'),
(105, 45, 1427345811, 1427347611, 0, '190.147.152.250', 1, 1427345811, 1427345830, '190.147.152.250'),
(106, 1, 1427345847, 1427347647, 0, '190.147.152.250', 1, 1427345847, 1427345960, '190.147.152.250'),
(107, 45, 1427345974, 1427347774, 0, '190.147.152.250', 1, 1427345974, 1427346026, '190.147.152.250'),
(108, 45, 1427346040, 1427347840, 0, '190.147.152.250', 1, 1427346040, 1427346089, '190.147.152.250'),
(109, 46, 1427346099, 1427347899, 0, '190.147.152.250', 1, 1427346099, 1427346611, '190.147.152.250'),
(110, 1, 1427346622, 1427348422, 0, '190.147.152.250', 1, 1427346622, 1427346701, '190.147.152.250'),
(111, 46, 1427346710, 1427348510, 0, '190.147.152.250', 1, 1427346710, NULL, NULL),
(112, 46, 1427348619, 1427350419, 0, '190.147.152.250', 1, 1427348619, 1427350369, '190.147.152.250'),
(113, 45, 1427350384, 1427352184, 0, '190.147.152.250', 1, 1427350384, 1427350897, '190.147.152.250'),
(114, 46, 1427350908, 1427352708, 0, '190.147.152.250', 1, 1427350908, NULL, NULL),
(115, 46, 1427352767, 1427354567, 0, '190.147.152.250', 1, 1427352767, NULL, NULL),
(116, 46, 1427354603, 1427356403, 0, '190.147.152.250', 1, 1427354603, NULL, NULL),
(117, 46, 1427356505, 1427358305, 0, '190.147.152.250', 1, 1427356505, 1427356678, '190.147.152.250'),
(118, 45, 1427356699, 1427358499, 0, '190.147.152.250', 1, 1427356699, 1427356955, '190.147.152.250'),
(119, 46, 1427356969, 1427358769, 1, '190.147.152.250', 1, 1427356969, NULL, NULL),
(120, 43, 1427377164, 1427378964, 0, '181.48.216.246', 1, 1427377164, 1427378091, '181.48.216.246'),
(121, 46, 1427378119, 1427379919, 0, '181.48.216.246', 1, 1427378119, NULL, NULL),
(122, 1, 1427378682, 1427380482, 0, '181.137.0.22', 1, 1427378682, 1427378699, '181.137.0.22'),
(123, 41, 1427378925, 1427380725, 0, '190.147.152.250', 1, 1427378925, NULL, NULL),
(124, 41, 1427380954, 1427382754, 0, '190.147.152.250', 1, 1427380954, 1427381120, '190.147.152.250'),
(125, 41, 1427381753, 1427383553, 0, '190.147.152.250', 1, 1427381753, NULL, NULL),
(126, 46, 1427388107, 1427389907, 0, '190.147.152.250', 1, 1427388107, 1427388263, '190.147.152.250'),
(127, 41, 1427388294, 1427390094, 0, '190.147.152.250', 1, 1427388294, 1427388729, '190.147.152.250'),
(128, 46, 1427389164, 1427390964, 0, '190.147.152.250', 1, 1427389164, 1427389714, '190.147.152.250'),
(129, 1, 1427389725, 1427391525, 0, '190.147.152.250', 1, 1427389725, 1427389763, '190.147.152.250'),
(130, 46, 1427390761, 1427392561, 0, '190.147.152.250', 2, 1427391063, NULL, NULL),
(131, 41, 1427390849, 1427392649, 0, '190.147.152.250', 1, 1427390849, 1427391056, '190.147.152.250'),
(132, 46, 1427392624, 1427394424, 0, '181.48.216.246', 2, 1427394346, NULL, NULL),
(133, 41, 1427393428, 1427395228, 0, '190.147.152.250', 1, 1427393428, NULL, NULL),
(134, 46, 1427396109, 1427397909, 0, '190.147.152.250', 1, 1427396109, NULL, NULL),
(135, 41, 1427396295, 1427398095, 1, '190.147.152.250', 1, 1427396295, NULL, NULL),
(136, 46, 1427398199, 1427399999, 0, '190.147.152.250', 1, 1427398199, NULL, NULL),
(137, 46, 1427400520, 1427402320, 0, '181.48.216.246', 2, 1427401410, 1427402116, '190.147.152.250'),
(138, 46, 1427402490, 1427404290, 0, '181.48.216.246', 1, 1427402490, NULL, NULL),
(139, 41, 1427402615, 1427404415, 0, '190.147.152.250', 1, 1427402615, 1427402872, '190.147.152.250'),
(140, 41, 1427402919, 1427404719, 0, '190.147.152.250', 1, 1427402919, NULL, NULL),
(141, 41, 1427407904, 1427409704, 1, '190.147.152.250', 1, 1427407904, NULL, NULL),
(142, 1, 1427410976, 1427412776, 0, '190.147.152.250', 1, 1427410976, 1427411040, '190.147.152.250'),
(143, 1, 1427411060, 1427412860, 0, '190.147.152.250', 1, 1427411060, 1427411078, '190.147.152.250'),
(144, 48, 1427411086, 1427412886, 0, '190.147.152.250', 1, 1427411086, 1427411277, '190.147.152.250'),
(145, 46, 1427411318, 1427413118, 0, '181.48.216.246', 2, 1427411777, NULL, NULL),
(146, 48, 1427411364, 1427413164, 0, '190.147.152.250', 1, 1427411364, 1427411938, '190.147.152.250'),
(147, 1, 1427411949, 1427413749, 0, '190.147.152.250', 1, 1427411949, 1427412269, '190.147.152.250'),
(148, 43, 1427415563, 1427417363, 0, '181.48.216.246', 1, 1427415563, 1427415808, '181.48.216.246'),
(149, 43, 1427415903, 1427417703, 0, '181.48.216.246', 1, 1427415903, 1427417624, '181.48.216.246'),
(150, 48, 1427417924, 1427419724, 0, '181.48.216.246', 1, 1427417924, 1427418009, '181.48.216.246'),
(151, 43, 1427459897, 1427461697, 1, '181.48.216.246', 1, 1427459897, NULL, NULL),
(152, 41, 1427467529, 1427469329, 0, '190.147.152.250', 1, 1427467529, 1427468679, '190.147.152.250'),
(153, 43, 1427468691, 1427470491, 0, '181.48.216.246', 2, 1427468993, 1427470230, '181.48.216.246'),
(154, 41, 1427470275, 1427472075, 0, '190.147.152.250', 1, 1427470275, 1427470427, '190.147.152.250'),
(155, 41, 1427470980, 1427472780, 0, '190.147.152.250', 1, 1427470980, 1427471253, '190.147.152.250'),
(156, 1, 1427471265, 1427473065, 0, '190.147.152.250', 1, 1427471265, 1427471314, '190.147.152.250'),
(157, 1, 1427471356, 1427473156, 0, '190.147.152.250', 1, 1427471356, 1427471542, '190.147.152.250'),
(158, 46, 1427471746, 1427473546, 0, '190.147.152.250', 1, 1427471746, 1427472634, '190.147.152.250'),
(159, 54, 1427472680, 1427474480, 0, '190.147.152.250', 1, 1427472680, 1427472917, '190.147.152.250'),
(160, 46, 1427472935, 1427474735, 0, '190.147.152.250', 1, 1427472935, 1427472974, '190.147.152.250'),
(161, 48, 1427472984, 1427474784, 0, '190.147.152.250', 1, 1427472984, 1427473002, '190.147.152.250'),
(162, 46, 1427473011, 1427474811, 1, '190.147.152.250', 1, 1427473011, NULL, NULL),
(163, 54, 1427474601, 1427476401, 0, '190.147.152.250', 1, 1427474601, NULL, NULL),
(164, 46, 1427479189, 1427480989, 0, '190.147.152.250', 1, 1427479189, NULL, NULL),
(165, 46, 1427481672, 1427483472, 1, '190.147.152.250', 1, 1427481672, NULL, NULL),
(166, 1, 1427485992, 1427487792, 0, '190.147.152.250', 1, 1427485992, 1427486252, '190.147.152.250'),
(167, 48, 1427486260, 1427488060, 0, '190.147.152.250', 1, 1427486260, 1427486274, '190.147.152.250'),
(168, 46, 1427486285, 1427488085, 0, '190.147.152.250', 1, 1427486285, 1427486746, '190.147.152.250'),
(169, 48, 1427486756, 1427488556, 0, '190.147.152.250', 1, 1427486756, NULL, NULL),
(170, 46, 1427489356, 1427491156, 0, '190.147.152.250', 1, 1427489356, 1427490185, '190.147.152.250'),
(171, 1, 1427490196, 1427491996, 0, '190.147.152.250', 1, 1427490196, NULL, NULL),
(172, 1, 1427492934, 1427494734, 0, '190.147.152.250', 1, 1427492934, 1427493241, '190.147.152.250'),
(173, 46, 1427493251, 1427495051, 1, '190.147.152.250', 1, 1427493251, NULL, NULL),
(174, 1, 1427728045, 1427729845, 1, '190.147.152.250', 1, 1427728045, NULL, NULL);

-- --------------------------------------------------------

--
-- Table structure for table `cruge_system`
--

CREATE TABLE IF NOT EXISTS `cruge_system` (
  `idsystem` int(11) NOT NULL AUTO_INCREMENT,
  `name` varchar(45) DEFAULT NULL,
  `largename` varchar(45) DEFAULT NULL,
  `sessionmaxdurationmins` int(11) DEFAULT '30',
  `sessionmaxsameipconnections` int(11) DEFAULT '10',
  `sessionreusesessions` int(11) DEFAULT '1' COMMENT '1yes 0no',
  `sessionmaxsessionsperday` int(11) DEFAULT '-1',
  `sessionmaxsessionsperuser` int(11) DEFAULT '-1',
  `systemnonewsessions` int(11) DEFAULT '0' COMMENT '1yes 0no',
  `systemdown` int(11) DEFAULT '0',
  `registerusingcaptcha` int(11) DEFAULT '0',
  `registerusingterms` int(11) DEFAULT '0',
  `terms` blob,
  `registerusingactivation` int(11) DEFAULT '1',
  `defaultroleforregistration` varchar(64) DEFAULT NULL,
  `registerusingtermslabel` varchar(100) DEFAULT NULL,
  `registrationonlogin` int(11) DEFAULT '1',
  PRIMARY KEY (`idsystem`)
) ENGINE=InnoDB  DEFAULT CHARSET=latin1 AUTO_INCREMENT=2 ;

--
-- Dumping data for table `cruge_system`
--

INSERT INTO `cruge_system` (`idsystem`, `name`, `largename`, `sessionmaxdurationmins`, `sessionmaxsameipconnections`, `sessionreusesessions`, `sessionmaxsessionsperday`, `sessionmaxsessionsperuser`, `systemnonewsessions`, `systemdown`, `registerusingcaptcha`, `registerusingterms`, `terms`, `registerusingactivation`, `defaultroleforregistration`, `registerusingtermslabel`, `registrationonlogin`) VALUES
(1, 'default', NULL, 30, 10, 1, -1, -1, 0, 0, 0, 1, '', 2, 'Registers', 'ACEPTA TÉRMINOS Y CONDICIÓNES', 1);

-- --------------------------------------------------------

--
-- Table structure for table `cruge_user`
--

CREATE TABLE IF NOT EXISTS `cruge_user` (
  `iduser` int(11) NOT NULL AUTO_INCREMENT,
  `regdate` bigint(30) DEFAULT NULL,
  `actdate` bigint(30) DEFAULT NULL,
  `logondate` bigint(30) DEFAULT NULL,
  `username` varchar(64) DEFAULT NULL,
  `email` varchar(45) DEFAULT NULL,
  `password` varchar(64) DEFAULT NULL COMMENT 'Hashed password',
  `authkey` varchar(100) DEFAULT NULL COMMENT 'llave de autentificacion',
  `state` int(11) DEFAULT '0',
  `totalsessioncounter` int(11) DEFAULT '0',
  `currentsessioncounter` int(11) DEFAULT '0',
  PRIMARY KEY (`iduser`)
) ENGINE=InnoDB  DEFAULT CHARSET=latin1 AUTO_INCREMENT=56 ;

--
-- Dumping data for table `cruge_user`
--

INSERT INTO `cruge_user` (`iduser`, `regdate`, `actdate`, `logondate`, `username`, `email`, `password`, `authkey`, `state`, `totalsessioncounter`, `currentsessioncounter`) VALUES
(1, NULL, NULL, 1427728045, 'admin', 'arsibux@gmail.com', 'admin', NULL, 1, 0, 0),
(2, NULL, NULL, NULL, 'invitado', 'invitado', 'nopassword', NULL, 1, 0, 0),
(10, 1426519563, NULL, 1426519896, 'demo', 'demo@gmail.com', 'demo123', '9c91e51fed460fecaad49ee2a146d93d', 1, 0, 0),
(31, 1427266710, 1427266801, 1427266830, 'martha.rojas_gmail.com', 'martha.rojas@gmail.com', '52730919', '673cccdd1a3214598fdccf382c387027', 1, 0, 0),
(39, 1427294911, NULL, NULL, 'liz123j_gmail.com', 'liz123j@gmail.com', 'jennyrojas', '285bae10cc0fdc567e3326ced2b8190a', 0, 0, 0),
(42, 1427297421, 1427297485, 1427306189, 'jennyrojas_mwonline.com.co', 'jennyrojas@mwonline.com.co', 'jennyrojas', '03e651c237d0a0b4d328156ec0677f4e', 1, 0, 0),
(43, 1427310209, NULL, 1427468993, 'lprada_kreab.com', 'lprada@kreab.com', 'lprada12345', 'f9ee72295aa3d049ab676e61fd5d50ef', 1, 0, 0),
(44, 1427322254, NULL, NULL, 'martharojas_bogotaparavivirla.com', 'martharojas@bogotaparavivirla.com', '123456', '2b843006a6020bbb50a510326a748308', 0, 0, 0),
(45, 1427336181, NULL, 1427356699, 'martha_martharojas.com', 'martha@martharojas.com', '123456', '6ae028a395f3332451825fa15b85d6fe', 1, 0, 0),
(46, 1427342279, NULL, 1427493251, 'juezamway', 'juez@juez.com', 'juezamway', '5abfd850f36e46eb250337ccfbbf5468', 1, 0, 0),
(47, 1427376998, NULL, NULL, 'lalaps_gmail.com', 'lalaps@gmail.com', 'lalaps12345', 'c36b6e6e505b065cf9a966d3007582b5', 0, 0, 0),
(48, 1427411023, NULL, 1427486756, 'Agencia', 'agencia@agencia.com', 'Agencia', '7c2d0e9feede4cc9ccada317610baa36', 1, 0, 0),
(49, 1427411997, NULL, NULL, 'Agencia2', 'Agencia2@Agencia2.com', 'Agencia2', 'c7da10edcc9b50e670d88a984e81b26a', 1, 0, 0),
(50, 1427412020, NULL, NULL, 'Agencia3', 'Agencia3@Agencia3.com', 'Agencia3', 'ed4fee63aef910b5ad57fdd326f21e17', 1, 0, 0),
(51, 1427412031, NULL, NULL, 'Agencia4', 'Agencia4@Agencia4.com', 'Agencia4', '0dd51e7b11662416cc9528b1f55a3a58', 1, 0, 0),
(52, 1427412042, NULL, NULL, 'Agencia5', 'Agencia5@Agencia5.com', 'Agencia5', '4e4d6bc86fab15d2b9e34769456262aa', 1, 0, 0),
(53, 1427470310, NULL, NULL, 'me_lalaprada.com', 'me@lalaprada.com', 'lprada', 'c6d717548f120f1fab859f27b0555c66', 0, 0, 0),
(55, 1427477765, 1427477782, NULL, 'andresmelo_mwonline.com.co', 'andresmelo@mwonline.com.co', '123456', '48484e663b6652852348b8cdf32a0def', 1, 0, 0);

-- --------------------------------------------------------

--
-- Table structure for table `mw_calificaciones`
--

CREATE TABLE IF NOT EXISTS `mw_calificaciones` (
  `id_calificacion` int(11) NOT NULL AUTO_INCREMENT,
  `trabajos_id` int(11) NOT NULL,
  `jurado_id` int(11) NOT NULL,
  `consecutivo` int(11) DEFAULT NULL,
  `periodistico` varchar(45) DEFAULT NULL,
  `investigacion` varchar(45) DEFAULT NULL,
  `ambiental` varchar(45) DEFAULT NULL,
  `impacto` varchar(45) DEFAULT NULL,
  `creatividad` varchar(45) DEFAULT NULL,
  `rol` varchar(255) DEFAULT NULL,
  PRIMARY KEY (`id_calificacion`),
  UNIQUE KEY `Unico` (`trabajos_id`,`jurado_id`),
  KEY `fk_mw_trabajos_has_mw_jurado_mw_jurado1_idx` (`jurado_id`),
  KEY `fk_mw_trabajos_has_mw_jurado_mw_trabajos1_idx` (`trabajos_id`)
) ENGINE=InnoDB  DEFAULT CHARSET=latin1 AUTO_INCREMENT=9 ;

--
-- Dumping data for table `mw_calificaciones`
--

INSERT INTO `mw_calificaciones` (`id_calificacion`, `trabajos_id`, `jurado_id`, `consecutivo`, `periodistico`, `investigacion`, `ambiental`, `impacto`, `creatividad`, `rol`) VALUES
(2, 3, 46, NULL, '4', '5', '3', '3', '2', NULL),
(4, 5, 46, NULL, '1', '2', '3', '4', '3', NULL),
(6, 3, 2, NULL, '3', '4', '3', '4', '5', NULL),
(7, 14, 48, NULL, '4', '3', '3', '2', '4', 'Agencia'),
(8, 14, 46, NULL, '3', '1', '2', '3', '2', 'jury');

-- --------------------------------------------------------

--
-- Table structure for table `mw_contenido`
--

CREATE TABLE IF NOT EXISTS `mw_contenido` (
  `id` int(11) NOT NULL AUTO_INCREMENT,
  `tipo` varchar(45) DEFAULT NULL,
  `titulo` varchar(100) DEFAULT NULL,
  `contenido` longtext,
  `imagen` varchar(250) DEFAULT NULL,
  `fecha` timestamp NULL DEFAULT CURRENT_TIMESTAMP,
  `orden` int(11) DEFAULT NULL,
  `interna` int(11) DEFAULT NULL,
  `iduser` int(11) DEFAULT NULL,
  PRIMARY KEY (`id`)
) ENGINE=InnoDB  DEFAULT CHARSET=latin1 AUTO_INCREMENT=16 ;

--
-- Dumping data for table `mw_contenido`
--

INSERT INTO `mw_contenido` (`id`, `tipo`, `titulo`, `contenido`, `imagen`, `fecha`, `orden`, `interna`, `iduser`) VALUES
(4, 'news', 'News Data 1', ' El Espectador, La Opinión, El Tiempo, RCN Televisión, El Heraldo, el Noticiero\r\n El Espectador, La Opinión, El Tiempo, RCN Televisión, El Heraldo, el Noticiero El Espectador, La Opinión, El Tiempo, RCN Televisión, El Heraldo, el Noticiero El Espectador, La Opinión, El Tiempo, RCN Televisión, El Heraldo, el Noticiero El Espectador, La Opinión, El Tiempo, RCN Televisión, El Heraldo, el Noticiero El Espectador, La Opinión, El Tiempo, RCN Televisión, El Heraldo, el Noticiero', '', '2015-03-21 15:29:00', NULL, 1, NULL),
(5, 'news', 'News Data 2', ' El Espectador, La Opinión, El Tiempo, RCN Televisión, El Heraldo, el Noticiero', '', '2015-03-21 15:29:34', NULL, 1, NULL),
(6, 'news', 'News Data 3', ' El Espectador, La Opinión, El Tiempo, RCN Televisión, El Heraldo, el Noticiero', '', '2015-03-21 15:30:06', NULL, 1, NULL),
(7, 'notice', 'News Data 4', 'Este año… ¡Hablemos Verde!\r\nPor décimo octava vez, lanzamos el Premio Amway de Periodismo Ambiental y queremos invitarte a participar con tus trabajos, noticias y artículos relacionados con temas medioambientales de interés general.', '', '2015-03-21 15:30:41', NULL, 2, NULL),
(8, 'news', 'Notice1 Heading', ' El Espectador, La Opinión, El Tiempo, RCN Televisión, El Heraldo, el Noticiero', '', '2015-03-21 15:33:24', NULL, 2, NULL),
(9, 'news', 'Notice2 Heading', ' El Espectador, La Opinión, El Tiempo, RCN Televisión, El Heraldo, el Noticiero\r\n El Espectador, La Opinión, El Tiempo, RCN Televisión, El Heraldo, el Noticiero\r\n El Espectador, La Opinión, El Tiempo, RCN Televisión, El Heraldo, el Noticiero\r\n El Espectador, La Opinión, El Tiempo, RCN Televisión, El Heraldo, el Noticiero', '', '2015-03-21 15:33:54', NULL, 2, NULL),
(10, 'jurados', 'María Alejandra Villamizar ', 'Es periodista de la Universidad Javeriana de Bogotá y directora del portal de noticias y opinión Confidencial Colombia desde mayo del 2011. Con más de 16 años de experiencia, María Alejandra ha trabajado en medios reconocidos del país como Revista Semana, El Espectador, CM&, El Tiempo y la W. Adicionalmente ha colaborado con el periódico ABC de España y El Mundo de Madrid. Actualmente, es una de las voces principales de la mesa de trabajo de Néstor Morales en BLU Radio.', '201503240633-default.png', '2015-03-24 11:33:50', 5, NULL, NULL),
(11, 'jurados', 'Julia Miranda Londoño', 'Julia Miranda Londoño es abogada, egresada de la Universidad Javeriana de Bogotá, con estudios de especialización en Derecho del Medio Ambiente de la Universidad Externado de Colombia. Actualmente, es la Directora General de Parques Nacionales Naturales de Colombia, cargo en el que se desempeña desde el 2004. \r\nTiene una amplia experiencia en temas medioambientales que conciernen a un país megadiverso como Colombia y en esa materia, ha trabajado con entidades líderes como la Oficina Asesora de Gestión Ambiental del Instituto de Desarrollo Urbano y el Departamento Técnico Administrativo del Medio Ambiente de Bogotá. Fue galardonada con el Premio Fred Packard de servicio excepcional de la Unión Internacional para la Conservación de la Naturaleza (UICN), también, con el máximo reconocimiento que otorga el Ministerio de Defensa a una persona civil, por su destacada labor y servicio a favor de la conservación y protección del patrimonio natural y cultural de los colombianos y, recientemente en la cuarta versión del Premio Mejores Líderes de Colombia 2014 de la revista Semana y la Fundación Liderazgo y Democracia, fue elegida entre el grupo de 30 líderes que desde lo público, lo comunitario, lo local, lo regional, lo nacional e internacional han dejado una huella determinante este último año para la sociedad colombiana.\r\n', '201503240712-default.png', '2015-03-24 12:12:37', 2, NULL, NULL),
(12, 'jurados', 'Darío Arizmendi Posada', 'Es periodista, director de Noticias de Caracol Radio y director del programa 6am Hoy por Hoy desde el 1991. En su amplia trayectoria profesional se ha destacado como un periodista veraz y comprometido y ha trabajado con reconocidos medios de comunicación nacionales como Diario El Mundo de Medellín, del que también fue fundador y director, El Colombiano, RCN Radio, entre otros. Además, colaboró en España para distintos medios como el Diario el Alcázar y Madrid Nuevo Diario.\r\n\r\nEn el 2005, fue galardonado con el Premio ‘Vida y Obra’ del Círculo de Periodistas de Bogotá por sus méritos, trayectoria y excelencia en el ejercicio profesional.\r\n', '201503240714-default.png', '2015-03-24 12:15:29', 1, NULL, 46),
(13, 'jurados', 'Darío Restrepo ', 'Director Sistema Informativo CITYTV. Consejero presidencial para las comunicaciones del Gobierno de César Gaviria Trujillo. Editor General de la Revista Semana. Director Revista Cambio 16. Profesor de Redacción en la Facultad de Comunicaciones de la Universidad Externado de Colombia. Profesor de redacción del programa de posgrado de la Universidad de los Andes. Corresponsal Radio Caracol en París y Londres. Corresponsal Radio Nacional de Suecia. Oficial de prensa en la Comisión Económica para América Latina CEPAL Santiago de Chile. Editor Multimedia Casa Editorial El Tiempo.', '201503240715-default.png', '2015-03-24 12:15:55', 4, NULL, NULL),
(14, 'jurados', 'Manuel Rodríguez Becerra', 'Actualmente es profesor titular de la Facultad de Administración de la Universidad de Los Andes, institución en la cual fue: Secretario General, Vicerrector, Decano de la Facultad de Artes y Ciencias y Decano de la Facultad de Administración.\r\nFue el primer ministro de Medio Ambiente de Colombia y Gerente General del Inderena (1990-1994).  Presidió el Foro de Bosques de las Naciones Unidas en dos ocasiones (1996-1999 y 2004-2005) y fue miembro de la Comisión Mundial de Bosques y Desarrollo Sostenible y del Consejo Asesor sobre Política de Bosques del Banco Mundial. Es miembro del Comité Asesor del Ombudsman del Corporación Financiera Internacional,  preside el Foro Nacional Ambiental y es miembro fundador de la Plataforma Latinoamericana de Cambio Climático.\r\nEs columnista del diario El Tiempo y autor de numerosas publicaciones. \r\n', '201503240716-default.png', '2015-03-24 12:16:23', 3, NULL, NULL),
(15, 'news', 'Nuestros Aliados', '<p>Éste año seguimos consolidando alianzas con otras instituciones que, como nosotros, entienden la importancia de preservar el medio ambiente y conocen la importante labor que los periodistas y los estudiantes de periodismo realizan a nivel nacional para éste fin. </p>\r\n<p><strong>Fundaci</strong><strong>ó</strong><strong>n Carolina Colombia</strong><strong><u> </u></strong><u>(<a href="http://www.fundacioncarolina.es">www.fundacioncarolina.es</a>)</u><strong> </strong><br />\r\n  Desde Febrero de 2004, en desarrollo de su objeto social, la Fundación Carolina -Colombia ha venido trabajando por la promoción de las relaciones culturales y la cooperación en el ámbito científico, educativo y social entre España, Colombia y el resto del mundo, especialmente en los países de la Comunidad Iberoamericana de Naciones (CIN). Esta labor es posible gracias a la Fundación Carolina de España presidida por SM el Rey Dn. Felipe VI, el gobierno de España en cabeza de Presidente Mariano Rajoy y varios de sus ministros, las principales empresas privadas de España y Colombia y el Patronato en Colombia presidido por el expresidente de la Repùblica Dn. Belisario Betancur. <br />\r\n  Desde 2014 la Fundación Carolina Colombia apoya anualmente el Premio Amway de Periodismo Ambiental premiando a uno de los periodistas ganadores, con el diseño y la gestión de una agenda de visita de alto nivel en uno de los países miembros de la comunidad iberoamericana de naciones. </p>\r\n<p><strong>Asociaci</strong><strong>ó</strong><strong>n Colombiana de Facultades  y Programas Universitarios de Comunicaci</strong><strong>ó</strong><strong>n </strong><strong>–</strong><strong> AFACOM </strong>(<strong><u><a href="http://www.afacom.org/">http://www.afacom.org/</a></u></strong>)<strong> </strong><br />\r\n  Es una asociación académica sin ánimo de lucro fundada en Bogotá en 1979, que cuenta con reconocimiento nacional e internacional, y está constituida por las Facultades o Departamentos oficialmente autorizados, para ofrecer enseñanza integral en el campo universitario, en las áreas de Comunicación e Información. <br />\r\n  Dichas instituciones están representadas por los Decanos de las facultades o los Directores de los departamentos o programas. Actualmente, la Asociación agrupa a 43 Facultades de Comunicación de Colombia.  AFACOM busca promover el desarrollo de programas de investigación y de formación docente, así como orientar a las facultades y departamentos, para que sus niveles de formación estén en correspondencia con las tendencias y necesidades académicas y sociales y las proyecciones de la profesión en las esferas nacional e internacional. <br />\r\n  AFACOM forma parte de la&nbsp;Federación Latinoamericana de Facultades de Comunicación Social -FELAFACS-&nbsp;y en esta medida sus proyectos y resultados cuentan con el apoyo y cooperación de la comunidad iberoamericana. <br />\r\n  Desde 2014 AFACOM se vincula al Premio Amway de Periodismo Ambiental como aliado estratégico en la difusión y promoción del Premio, especialmente entre los estudiantes, docentes e investigadores de las universidades miembro de la Asociación. </p>\r\n', '', '2015-03-26 01:33:19', NULL, NULL, NULL);

-- --------------------------------------------------------

--
-- Table structure for table `mw_jurado`
--

CREATE TABLE IF NOT EXISTS `mw_jurado` (
  `id` int(11) NOT NULL AUTO_INCREMENT,
  `nombre` varchar(100) DEFAULT NULL,
  `apellido` varchar(100) DEFAULT NULL,
  `activo` int(11) DEFAULT NULL,
  `fecha` timestamp NULL DEFAULT CURRENT_TIMESTAMP,
  `iduser` int(11) NOT NULL,
  PRIMARY KEY (`id`),
  KEY `fk_mw_jurado_cruge_user1_idx` (`iduser`)
) ENGINE=InnoDB DEFAULT CHARSET=latin1 AUTO_INCREMENT=1 ;

-- --------------------------------------------------------

--
-- Table structure for table `mw_participantes`
--

CREATE TABLE IF NOT EXISTS `mw_participantes` (
  `id` int(11) NOT NULL AUTO_INCREMENT,
  `nombre` varchar(100) NOT NULL,
  `apellidos` varchar(100) NOT NULL,
  `documento` varchar(100) NOT NULL,
  `tipo_documento` varchar(45) NOT NULL,
  `correo` varchar(150) NOT NULL,
  `perfil` varchar(100) DEFAULT NULL,
  `universidad` varchar(200) DEFAULT NULL,
  `pais` varchar(45) DEFAULT NULL,
  `depto_ciudad` varchar(150) DEFAULT NULL,
  `genero` varchar(45) DEFAULT NULL,
  `celular` varchar(45) DEFAULT NULL,
  `telefono` varchar(45) DEFAULT NULL,
  `medio_trabajo` varchar(100) DEFAULT NULL,
  `url_cedula` varchar(250) DEFAULT NULL,
  `terminos` int(11) DEFAULT NULL,
  `fecha` timestamp NULL DEFAULT CURRENT_TIMESTAMP,
  `iduser` int(11) NOT NULL,
  `ciudad` varchar(100) DEFAULT NULL,
  `direccion` varchar(255) DEFAULT NULL,
  `imagen` varchar(500) DEFAULT NULL,
  PRIMARY KEY (`id`),
  KEY `fk_mw_participantes_cruge_user1_idx` (`iduser`)
) ENGINE=InnoDB  DEFAULT CHARSET=latin1 AUTO_INCREMENT=31 ;

--
-- Dumping data for table `mw_participantes`
--

INSERT INTO `mw_participantes` (`id`, `nombre`, `apellidos`, `documento`, `tipo_documento`, `correo`, `perfil`, `universidad`, `pais`, `depto_ciudad`, `genero`, `celular`, `telefono`, `medio_trabajo`, `url_cedula`, `terminos`, `fecha`, `iduser`, `ciudad`, `direccion`, `imagen`) VALUES
(13, 'Martha', 'Rojas', '19387889', '1', 'martha.rojas@gmail.com', NULL, NULL, NULL, '11', '2', '3124005953', '7568121', 'test', NULL, 1, '2015-03-25 06:58:30', 31, '149', NULL, NULL),
(20, 'jenny lizeth', 'rojas cardona', '824637459045', '1', 'liz123j@gmail.com', NULL, NULL, NULL, '11', '2', '56756487587', '4575637536', 'wfdshgdh', NULL, 1, '2015-03-25 14:48:31', 39, '149', NULL, NULL),
(23, 'jenny lizeth', 'Rojas', '3245382543', '1', 'jennyrojas@mwonline.com.co', NULL, NULL, NULL, '13', '2', '456256537', '45273567856', 'sadjfhgafkja', NULL, 1, '2015-03-25 15:30:21', 42, '151', NULL, NULL),
(24, 'Laura Carolina', 'Prada Streithorst', '1107035980', '1', 'lprada@kreab.com', NULL, NULL, NULL, '11', '2', '3163724674', '4567890', NULL, NULL, 1, '2015-03-25 19:03:29', 43, '149', 'Calle 86 No. 10 - 88', '43-1919df_5fa9fa6bbae03453decd8fc4b83e930d.jpg_srz_2800_4200_85_22_0.50_1.20_0.00_jpg_srz.jpg'),
(25, 'Martha', 'Rojas', '80243320', '1', 'martharojas@bogotaparavivirla.com', NULL, NULL, NULL, '11', '2', '3103239959', '7568121', 'Digital', NULL, 1, '2015-03-25 22:24:14', 44, '149', 'Cra 56 No 61-70', NULL),
(26, 'Martha', 'Rojas', '123456222', '1', 'martha@martharojas.com', NULL, NULL, NULL, '11', '2', '3103239959', '123456', '', NULL, 1, '2015-03-26 02:16:21', 45, '149', 'Cra 56 No 61-70', NULL),
(27, 'Laura Pepita', 'Mendieta Cano', '1070359800', '1', 'lalaps@gmail.com', NULL, NULL, NULL, '11', '2', '3156789090', '0000000', NULL, NULL, 1, '2015-03-26 13:36:38', 47, '149', 'Calle 43 No. 8-99', NULL),
(28, 'Laura Carolina', 'Prada Streithorst', '8909890', '1', 'me@lalaprada.com', NULL, NULL, NULL, '11', '1', 'ldflñaflñaglñkg', 'lskfdñakgñkg', NULL, NULL, 0, '2015-03-27 15:31:50', 53, '149', 'salfkasñlgkañgalñs', NULL),
(30, 'andres', 'melo', '1019049', '2', 'andresmelo@mwonline.com.co', NULL, NULL, NULL, '47', '1', '1323423', '3434', NULL, NULL, 1, '2015-03-27 17:36:05', 55, '669', 'cacs', NULL);

-- --------------------------------------------------------

--
-- Table structure for table `mw_soportes`
--

CREATE TABLE IF NOT EXISTS `mw_soportes` (
  `id` int(11) NOT NULL AUTO_INCREMENT,
  `nombre` varchar(45) DEFAULT NULL,
  `url` varchar(45) DEFAULT NULL,
  `fecha` timestamp NULL DEFAULT CURRENT_TIMESTAMP,
  `mw_trabajos_id` int(11) NOT NULL,
  PRIMARY KEY (`id`),
  KEY `fk_mw_soportes_mw_trabajos1_idx` (`mw_trabajos_id`)
) ENGINE=InnoDB  DEFAULT CHARSET=latin1 AUTO_INCREMENT=18 ;

--
-- Dumping data for table `mw_soportes`
--

INSERT INTO `mw_soportes` (`id`, `nombre`, `url`, `fecha`, `mw_trabajos_id`) VALUES
(1, NULL, 'Carros-11.jpg', '2015-03-26 00:48:52', 6),
(2, NULL, 'fondoHome.png', '2015-03-26 03:25:02', 7),
(3, NULL, 'filename.png', '2015-03-26 03:28:13', 7),
(4, NULL, '10734288_351797758336335_638433202_n.png', '2015-03-26 03:28:52', 7),
(5, NULL, 'grafica_carvajal.jpg', '2015-03-26 03:29:31', 7),
(10, NULL, 'foto.jpg', '2015-03-27 15:11:25', 13),
(11, NULL, 'foto.jpg', '2015-03-27 15:18:52', 14),
(15, NULL, 'Captura de pantalla 2015-03-26 a la(s) 08.45.', '2015-03-27 15:23:25', 15);

-- --------------------------------------------------------

--
-- Table structure for table `mw_trabajos`
--

CREATE TABLE IF NOT EXISTS `mw_trabajos` (
  `id` int(11) NOT NULL AUTO_INCREMENT,
  `tipo` varchar(45) NOT NULL,
  `titulo` varchar(100) NOT NULL,
  `categioria` varchar(100) DEFAULT NULL,
  `lugar` varchar(100) DEFAULT NULL,
  `nacionalidad` varchar(45) DEFAULT NULL,
  `tipo_publicacion` varchar(100) DEFAULT NULL,
  `fecha_publicacion` date DEFAULT NULL,
  `medio_publico` varchar(100) DEFAULT NULL,
  `depto_muni` varchar(150) DEFAULT NULL,
  `descripcion` varchar(45) DEFAULT NULL,
  `terminos` int(11) DEFAULT NULL,
  `fecha` timestamp NULL DEFAULT CURRENT_TIMESTAMP,
  `participantes_id` int(11) NOT NULL,
  `integrantes` varchar(500) DEFAULT NULL,
  `activo` int(11) DEFAULT '0',
  PRIMARY KEY (`id`),
  KEY `fk_mw_trabajos_mw_participantes_idx` (`participantes_id`)
) ENGINE=InnoDB  DEFAULT CHARSET=latin1 AUTO_INCREMENT=17 ;

--
-- Dumping data for table `mw_trabajos`
--

INSERT INTO `mw_trabajos` (`id`, `tipo`, `titulo`, `categioria`, `lugar`, `nacionalidad`, `tipo_publicacion`, `fecha_publicacion`, `medio_publico`, `depto_muni`, `descripcion`, `terminos`, `fecha`, `participantes_id`, `integrantes`, `activo`) VALUES
(3, 'Individual', 'zxcxzvczx', 'Estudiante', '', NULL, 'Audio', '2015-03-02', '', NULL, '', 1, '2015-03-25 07:18:06', 13, '', 1),
(5, 'Individual', 'Mi mamá me Mima', 'Estudiante', 'Politécnico', NULL, 'Audio', '2015-03-10', 'Buscando en el Armario', NULL, 'kml<dflkasdlfadf', 1, '2015-03-25 19:52:19', 13, 'lkdñaslfñaslfñaldfñladfñlakdf', 0),
(6, 'Individual', 'el titulo', 'Profesional', 'el titulo', NULL, 'Audio', '2015-03-11', 'el titulo', NULL, 'qwqw', 1, '2015-03-26 00:48:31', 13, '', 0),
(7, 'Individual', 'sdasdad', 'Profesional', 'asdsad', NULL, 'Audio', '2015-03-11', 'asdasdsad', NULL, 'asdasdsa', 1, '2015-03-26 03:24:24', 13, '', 0),
(8, 'Individual', 'zxcxzvczx', 'Estudiante', 'ñlklk', NULL, 'Audio', '2015-03-11', 'kpokpok', NULL, 'lp´lpol', 0, '2015-03-26 03:55:31', 13, '', 0),
(9, 'Individual', 'dfgdfg', 'Estudiante', 'dfgdfg', NULL, 'Video', '2015-03-11', 'dfgfdg', NULL, 'dfgfdg', 1, '2015-03-26 06:13:56', 13, 'dfgfdg', 0),
(10, 'Individual', 'asdsad', 'Profesional', 'asdsad', NULL, 'Audio', '2015-03-19', 'asdsad', NULL, 'asdsadsad', 1, '2015-03-26 06:19:44', 26, '', 0),
(13, 'Individual', 'skalsDKlfklákdalf', 'Estudiante', 'klsdlkFLKlkdlaKDASd', NULL, 'Audio', '2015-06-03', 'klasñldkalñfkdalkfaf', NULL, 'l,dfñl,afñlgalñgkalñsg', 1, '2015-03-27 00:28:39', 24, '', 0),
(14, 'Grupal', 'LaPrueba 3', 'Estudiante', 'Pepita Mendieta', NULL, 'Internet', '2015-03-05', 'Pepita Mendieta', NULL, 'lsdkFmflmdsflkamslkdfmaklsgnaklsg', 1, '2015-03-27 15:13:43', 24, 'Pepita, María, Juana', 0),
(15, 'Individual', 'Prueba 4', 'Estudiante', 'ksksksksks', NULL, 'Audio', '2015-06-10', 'sksksks', NULL, 'kaskalkalaslksalka', 0, '2015-03-27 15:22:31', 24, '', 0);

-- --------------------------------------------------------

--
-- Constraints for table `cruge_authassignment`
--
ALTER TABLE `cruge_authassignment`
  ADD CONSTRAINT `fk_cruge_authassignment_cruge_authitem1` FOREIGN KEY (`itemname`) REFERENCES `cruge_authitem` (`name`) ON DELETE NO ACTION ON UPDATE NO ACTION,
  ADD CONSTRAINT `fk_cruge_authassignment_user` FOREIGN KEY (`userid`) REFERENCES `cruge_user` (`iduser`) ON DELETE CASCADE ON UPDATE NO ACTION;

--
-- Constraints for table `cruge_authitemchild`
--
ALTER TABLE `cruge_authitemchild`
  ADD CONSTRAINT `crugeauthitemchild_ibfk_1` FOREIGN KEY (`parent`) REFERENCES `cruge_authitem` (`name`) ON DELETE CASCADE ON UPDATE CASCADE,
  ADD CONSTRAINT `crugeauthitemchild_ibfk_2` FOREIGN KEY (`child`) REFERENCES `cruge_authitem` (`name`) ON DELETE CASCADE ON UPDATE CASCADE;

--
-- Constraints for table `cruge_fieldvalue`
--
ALTER TABLE `cruge_fieldvalue`
  ADD CONSTRAINT `fk_cruge_fieldvalue_cruge_field1` FOREIGN KEY (`idfield`) REFERENCES `cruge_field` (`idfield`) ON DELETE CASCADE ON UPDATE NO ACTION,
  ADD CONSTRAINT `fk_cruge_fieldvalue_cruge_user1` FOREIGN KEY (`iduser`) REFERENCES `cruge_user` (`iduser`) ON DELETE CASCADE ON UPDATE NO ACTION;

--
-- Constraints for table `mw_calificaciones`
--
ALTER TABLE `mw_calificaciones`
  ADD CONSTRAINT `fk_mw_trabajos_has_mw_jurado_mw_jurado1` FOREIGN KEY (`jurado_id`) REFERENCES `cruge_user` (`iduser`) ON DELETE CASCADE ON UPDATE CASCADE,
  ADD CONSTRAINT `fk_mw_trabajos_has_mw_jurado_mw_trabajos1` FOREIGN KEY (`trabajos_id`) REFERENCES `mw_trabajos` (`id`) ON DELETE CASCADE ON UPDATE CASCADE;

--
-- Constraints for table `mw_jurado`
--
ALTER TABLE `mw_jurado`
  ADD CONSTRAINT `FK_mw_jurado` FOREIGN KEY (`id`) REFERENCES `cruge_user` (`iduser`);

--
-- Constraints for table `mw_participantes`
--
ALTER TABLE `mw_participantes`
  ADD CONSTRAINT `mw_participantes_ibfk_1` FOREIGN KEY (`iduser`) REFERENCES `cruge_user` (`iduser`) ON DELETE CASCADE ON UPDATE CASCADE;

--
-- Constraints for table `mw_soportes`
--
ALTER TABLE `mw_soportes`
  ADD CONSTRAINT `fk_mw_soportes_mw_trabajos1` FOREIGN KEY (`mw_trabajos_id`) REFERENCES `mw_trabajos` (`id`) ON DELETE CASCADE ON UPDATE CASCADE;

--
-- Constraints for table `mw_trabajos`
--
ALTER TABLE `mw_trabajos`
  ADD CONSTRAINT `fk_mw_trabajos_mw_participantes` FOREIGN KEY (`participantes_id`) REFERENCES `mw_participantes` (`id`) ON DELETE CASCADE ON UPDATE CASCADE;

/*!40101 SET CHARACTER_SET_CLIENT=@OLD_CHARACTER_SET_CLIENT */;
/*!40101 SET CHARACTER_SET_RESULTS=@OLD_CHARACTER_SET_RESULTS */;
/*!40101 SET COLLATION_CONNECTION=@OLD_COLLATION_CONNECTION */;
